hub,name,admin,date,workload,setting,acclimatisation,limit_wbgt_c,hours_above_limit,daily_peak_wbgt_c
palermo,"Palermo",IT-82,2026-09-30,light,sun,acclimatised,30,0,24.9
palermo,"Palermo",IT-82,2026-10-01,light,sun,acclimatised,30,0,25.1
palermo,"Palermo",IT-82,2026-10-02,light,sun,acclimatised,30,0,26.3
palermo,"Palermo",IT-82,2026-10-03,light,sun,acclimatised,30,0,26.4
palermo,"Palermo",IT-82,2026-10-04,light,sun,acclimatised,30,0,26.2
palermo,"Palermo",IT-82,2026-10-05,light,sun,acclimatised,30,0,29.3
palermo,"Palermo",IT-82,2026-10-06,light,sun,acclimatised,30,0,26.9
palermo,"Palermo",IT-82,2026-09-30,light,sun,new-to-heat,29,0,24.9
palermo,"Palermo",IT-82,2026-10-01,light,sun,new-to-heat,29,0,25.1
palermo,"Palermo",IT-82,2026-10-02,light,sun,new-to-heat,29,0,26.3
palermo,"Palermo",IT-82,2026-10-03,light,sun,new-to-heat,29,0,26.4
palermo,"Palermo",IT-82,2026-10-04,light,sun,new-to-heat,29,0,26.2
palermo,"Palermo",IT-82,2026-10-05,light,sun,new-to-heat,29,1,29.3
palermo,"Palermo",IT-82,2026-10-06,light,sun,new-to-heat,29,0,26.9
palermo,"Palermo",IT-82,2026-09-30,light,shade,acclimatised,30,0,21.5
palermo,"Palermo",IT-82,2026-10-01,light,shade,acclimatised,30,0,21.4
palermo,"Palermo",IT-82,2026-10-02,light,shade,acclimatised,30,0,21.5
palermo,"Palermo",IT-82,2026-10-03,light,shade,acclimatised,30,0,21.2
palermo,"Palermo",IT-82,2026-10-04,light,shade,acclimatised,30,0,21.2
palermo,"Palermo",IT-82,2026-10-05,light,shade,acclimatised,30,0,23.6
palermo,"Palermo",IT-82,2026-10-06,light,shade,acclimatised,30,0,24.3
palermo,"Palermo",IT-82,2026-09-30,light,shade,new-to-heat,29,0,21.5
palermo,"Palermo",IT-82,2026-10-01,light,shade,new-to-heat,29,0,21.4
palermo,"Palermo",IT-82,2026-10-02,light,shade,new-to-heat,29,0,21.5
palermo,"Palermo",IT-82,2026-10-03,light,shade,new-to-heat,29,0,21.2
palermo,"Palermo",IT-82,2026-10-04,light,shade,new-to-heat,29,0,21.2
palermo,"Palermo",IT-82,2026-10-05,light,shade,new-to-heat,29,0,23.6
palermo,"Palermo",IT-82,2026-10-06,light,shade,new-to-heat,29,0,24.3
palermo,"Palermo",IT-82,2026-09-30,moderate,sun,acclimatised,28,0,24.9
palermo,"Palermo",IT-82,2026-10-01,moderate,sun,acclimatised,28,0,25.1
palermo,"Palermo",IT-82,2026-10-02,moderate,sun,acclimatised,28,0,26.3
palermo,"Palermo",IT-82,2026-10-03,moderate,sun,acclimatised,28,0,26.4
palermo,"Palermo",IT-82,2026-10-04,moderate,sun,acclimatised,28,0,26.2
palermo,"Palermo",IT-82,2026-10-05,moderate,sun,acclimatised,28,1,29.3
palermo,"Palermo",IT-82,2026-10-06,moderate,sun,acclimatised,28,0,26.9
palermo,"Palermo",IT-82,2026-09-30,moderate,sun,new-to-heat,26,0,24.9
palermo,"Palermo",IT-82,2026-10-01,moderate,sun,new-to-heat,26,0,25.1
palermo,"Palermo",IT-82,2026-10-02,moderate,sun,new-to-heat,26,1,26.3
palermo,"Palermo",IT-82,2026-10-03,moderate,sun,new-to-heat,26,1,26.4
palermo,"Palermo",IT-82,2026-10-04,moderate,sun,new-to-heat,26,1,26.2
palermo,"Palermo",IT-82,2026-10-05,moderate,sun,new-to-heat,26,3,29.3
palermo,"Palermo",IT-82,2026-10-06,moderate,sun,new-to-heat,26,3,26.9
palermo,"Palermo",IT-82,2026-09-30,moderate,shade,acclimatised,28,0,21.5
palermo,"Palermo",IT-82,2026-10-01,moderate,shade,acclimatised,28,0,21.4
palermo,"Palermo",IT-82,2026-10-02,moderate,shade,acclimatised,28,0,21.5
palermo,"Palermo",IT-82,2026-10-03,moderate,shade,acclimatised,28,0,21.2
palermo,"Palermo",IT-82,2026-10-04,moderate,shade,acclimatised,28,0,21.2
palermo,"Palermo",IT-82,2026-10-05,moderate,shade,acclimatised,28,0,23.6
palermo,"Palermo",IT-82,2026-10-06,moderate,shade,acclimatised,28,0,24.3
palermo,"Palermo",IT-82,2026-09-30,moderate,shade,new-to-heat,26,0,21.5
palermo,"Palermo",IT-82,2026-10-01,moderate,shade,new-to-heat,26,0,21.4
palermo,"Palermo",IT-82,2026-10-02,moderate,shade,new-to-heat,26,0,21.5
palermo,"Palermo",IT-82,2026-10-03,moderate,shade,new-to-heat,26,0,21.2
palermo,"Palermo",IT-82,2026-10-04,moderate,shade,new-to-heat,26,0,21.2
palermo,"Palermo",IT-82,2026-10-05,moderate,shade,new-to-heat,26,0,23.6
palermo,"Palermo",IT-82,2026-10-06,moderate,shade,new-to-heat,26,0,24.3
palermo,"Palermo",IT-82,2026-09-30,heavy,sun,acclimatised,26,0,24.9
palermo,"Palermo",IT-82,2026-10-01,heavy,sun,acclimatised,26,0,25.1
palermo,"Palermo",IT-82,2026-10-02,heavy,sun,acclimatised,26,1,26.3
palermo,"Palermo",IT-82,2026-10-03,heavy,sun,acclimatised,26,1,26.4
palermo,"Palermo",IT-82,2026-10-04,heavy,sun,acclimatised,26,1,26.2
palermo,"Palermo",IT-82,2026-10-05,heavy,sun,acclimatised,26,3,29.3
palermo,"Palermo",IT-82,2026-10-06,heavy,sun,acclimatised,26,3,26.9
palermo,"Palermo",IT-82,2026-09-30,heavy,sun,new-to-heat,22,9,24.9
palermo,"Palermo",IT-82,2026-10-01,heavy,sun,new-to-heat,22,9,25.1
palermo,"Palermo",IT-82,2026-10-02,heavy,sun,new-to-heat,22,9,26.3
palermo,"Palermo",IT-82,2026-10-03,heavy,sun,new-to-heat,22,9,26.4
palermo,"Palermo",IT-82,2026-10-04,heavy,sun,new-to-heat,22,9,26.2
palermo,"Palermo",IT-82,2026-10-05,heavy,sun,new-to-heat,22,9,29.3
palermo,"Palermo",IT-82,2026-10-06,heavy,sun,new-to-heat,22,9,26.9
palermo,"Palermo",IT-82,2026-09-30,heavy,shade,acclimatised,26,0,21.5
palermo,"Palermo",IT-82,2026-10-01,heavy,shade,acclimatised,26,0,21.4
palermo,"Palermo",IT-82,2026-10-02,heavy,shade,acclimatised,26,0,21.5
palermo,"Palermo",IT-82,2026-10-03,heavy,shade,acclimatised,26,0,21.2
palermo,"Palermo",IT-82,2026-10-04,heavy,shade,acclimatised,26,0,21.2
palermo,"Palermo",IT-82,2026-10-05,heavy,shade,acclimatised,26,0,23.6
palermo,"Palermo",IT-82,2026-10-06,heavy,shade,acclimatised,26,0,24.3
palermo,"Palermo",IT-82,2026-09-30,heavy,shade,new-to-heat,22,0,21.5
palermo,"Palermo",IT-82,2026-10-01,heavy,shade,new-to-heat,22,0,21.4
palermo,"Palermo",IT-82,2026-10-02,heavy,shade,new-to-heat,22,0,21.5
palermo,"Palermo",IT-82,2026-10-03,heavy,shade,new-to-heat,22,0,21.2
palermo,"Palermo",IT-82,2026-10-04,heavy,shade,new-to-heat,22,0,21.2
palermo,"Palermo",IT-82,2026-10-05,heavy,shade,new-to-heat,22,7,23.6
palermo,"Palermo",IT-82,2026-10-06,heavy,shade,new-to-heat,22,9,24.3
foggia,"Foggia",IT-75,2026-09-30,light,sun,acclimatised,30,0,24.8
foggia,"Foggia",IT-75,2026-10-01,light,sun,acclimatised,30,0,28.0
foggia,"Foggia",IT-75,2026-10-02,light,sun,acclimatised,30,0,24.7
foggia,"Foggia",IT-75,2026-10-03,light,sun,acclimatised,30,0,23.7
foggia,"Foggia",IT-75,2026-10-04,light,sun,acclimatised,30,0,25.3
foggia,"Foggia",IT-75,2026-10-05,light,sun,acclimatised,30,0,26.2
foggia,"Foggia",IT-75,2026-10-06,light,sun,acclimatised,30,0,24.3
foggia,"Foggia",IT-75,2026-09-30,light,sun,new-to-heat,29,0,24.8
foggia,"Foggia",IT-75,2026-10-01,light,sun,new-to-heat,29,0,28.0
foggia,"Foggia",IT-75,2026-10-02,light,sun,new-to-heat,29,0,24.7
foggia,"Foggia",IT-75,2026-10-03,light,sun,new-to-heat,29,0,23.7
foggia,"Foggia",IT-75,2026-10-04,light,sun,new-to-heat,29,0,25.3
foggia,"Foggia",IT-75,2026-10-05,light,sun,new-to-heat,29,0,26.2
foggia,"Foggia",IT-75,2026-10-06,light,sun,new-to-heat,29,0,24.3
foggia,"Foggia",IT-75,2026-09-30,light,shade,acclimatised,30,0,20.7
foggia,"Foggia",IT-75,2026-10-01,light,shade,acclimatised,30,0,21.2
foggia,"Foggia",IT-75,2026-10-02,light,shade,acclimatised,30,0,22.2
foggia,"Foggia",IT-75,2026-10-03,light,shade,acclimatised,30,0,21.1
foggia,"Foggia",IT-75,2026-10-04,light,shade,acclimatised,30,0,20.1
foggia,"Foggia",IT-75,2026-10-05,light,shade,acclimatised,30,0,22.5
foggia,"Foggia",IT-75,2026-10-06,light,shade,acclimatised,30,0,20.9
foggia,"Foggia",IT-75,2026-09-30,light,shade,new-to-heat,29,0,20.7
foggia,"Foggia",IT-75,2026-10-01,light,shade,new-to-heat,29,0,21.2
foggia,"Foggia",IT-75,2026-10-02,light,shade,new-to-heat,29,0,22.2
foggia,"Foggia",IT-75,2026-10-03,light,shade,new-to-heat,29,0,21.1
foggia,"Foggia",IT-75,2026-10-04,light,shade,new-to-heat,29,0,20.1
foggia,"Foggia",IT-75,2026-10-05,light,shade,new-to-heat,29,0,22.5
foggia,"Foggia",IT-75,2026-10-06,light,shade,new-to-heat,29,0,20.9
foggia,"Foggia",IT-75,2026-09-30,moderate,sun,acclimatised,28,0,24.8
foggia,"Foggia",IT-75,2026-10-01,moderate,sun,acclimatised,28,1,28.0
foggia,"Foggia",IT-75,2026-10-02,moderate,sun,acclimatised,28,0,24.7
foggia,"Foggia",IT-75,2026-10-03,moderate,sun,acclimatised,28,0,23.7
foggia,"Foggia",IT-75,2026-10-04,moderate,sun,acclimatised,28,0,25.3
foggia,"Foggia",IT-75,2026-10-05,moderate,sun,acclimatised,28,0,26.2
foggia,"Foggia",IT-75,2026-10-06,moderate,sun,acclimatised,28,0,24.3
foggia,"Foggia",IT-75,2026-09-30,moderate,sun,new-to-heat,26,0,24.8
foggia,"Foggia",IT-75,2026-10-01,moderate,sun,new-to-heat,26,2,28.0
foggia,"Foggia",IT-75,2026-10-02,moderate,sun,new-to-heat,26,0,24.7
foggia,"Foggia",IT-75,2026-10-03,moderate,sun,new-to-heat,26,0,23.7
foggia,"Foggia",IT-75,2026-10-04,moderate,sun,new-to-heat,26,0,25.3
foggia,"Foggia",IT-75,2026-10-05,moderate,sun,new-to-heat,26,1,26.2
foggia,"Foggia",IT-75,2026-10-06,moderate,sun,new-to-heat,26,0,24.3
foggia,"Foggia",IT-75,2026-09-30,moderate,shade,acclimatised,28,0,20.7
foggia,"Foggia",IT-75,2026-10-01,moderate,shade,acclimatised,28,0,21.2
foggia,"Foggia",IT-75,2026-10-02,moderate,shade,acclimatised,28,0,22.2
foggia,"Foggia",IT-75,2026-10-03,moderate,shade,acclimatised,28,0,21.1
foggia,"Foggia",IT-75,2026-10-04,moderate,shade,acclimatised,28,0,20.1
foggia,"Foggia",IT-75,2026-10-05,moderate,shade,acclimatised,28,0,22.5
foggia,"Foggia",IT-75,2026-10-06,moderate,shade,acclimatised,28,0,20.9
foggia,"Foggia",IT-75,2026-09-30,moderate,shade,new-to-heat,26,0,20.7
foggia,"Foggia",IT-75,2026-10-01,moderate,shade,new-to-heat,26,0,21.2
foggia,"Foggia",IT-75,2026-10-02,moderate,shade,new-to-heat,26,0,22.2
foggia,"Foggia",IT-75,2026-10-03,moderate,shade,new-to-heat,26,0,21.1
foggia,"Foggia",IT-75,2026-10-04,moderate,shade,new-to-heat,26,0,20.1
foggia,"Foggia",IT-75,2026-10-05,moderate,shade,new-to-heat,26,0,22.5
foggia,"Foggia",IT-75,2026-10-06,moderate,shade,new-to-heat,26,0,20.9
foggia,"Foggia",IT-75,2026-09-30,heavy,sun,acclimatised,26,0,24.8
foggia,"Foggia",IT-75,2026-10-01,heavy,sun,acclimatised,26,2,28.0
foggia,"Foggia",IT-75,2026-10-02,heavy,sun,acclimatised,26,0,24.7
foggia,"Foggia",IT-75,2026-10-03,heavy,sun,acclimatised,26,0,23.7
foggia,"Foggia",IT-75,2026-10-04,heavy,sun,acclimatised,26,0,25.3
foggia,"Foggia",IT-75,2026-10-05,heavy,sun,acclimatised,26,1,26.2
foggia,"Foggia",IT-75,2026-10-06,heavy,sun,acclimatised,26,0,24.3
foggia,"Foggia",IT-75,2026-09-30,heavy,sun,new-to-heat,22,5,24.8
foggia,"Foggia",IT-75,2026-10-01,heavy,sun,new-to-heat,22,6,28.0
foggia,"Foggia",IT-75,2026-10-02,heavy,sun,new-to-heat,22,6,24.7
foggia,"Foggia",IT-75,2026-10-03,heavy,sun,new-to-heat,22,6,23.7
foggia,"Foggia",IT-75,2026-10-04,heavy,sun,new-to-heat,22,6,25.3
foggia,"Foggia",IT-75,2026-10-05,heavy,sun,new-to-heat,22,8,26.2
foggia,"Foggia",IT-75,2026-10-06,heavy,sun,new-to-heat,22,8,24.3
foggia,"Foggia",IT-75,2026-09-30,heavy,shade,acclimatised,26,0,20.7
foggia,"Foggia",IT-75,2026-10-01,heavy,shade,acclimatised,26,0,21.2
foggia,"Foggia",IT-75,2026-10-02,heavy,shade,acclimatised,26,0,22.2
foggia,"Foggia",IT-75,2026-10-03,heavy,shade,acclimatised,26,0,21.1
foggia,"Foggia",IT-75,2026-10-04,heavy,shade,acclimatised,26,0,20.1
foggia,"Foggia",IT-75,2026-10-05,heavy,shade,acclimatised,26,0,22.5
foggia,"Foggia",IT-75,2026-10-06,heavy,shade,acclimatised,26,0,20.9
foggia,"Foggia",IT-75,2026-09-30,heavy,shade,new-to-heat,22,0,20.7
foggia,"Foggia",IT-75,2026-10-01,heavy,shade,new-to-heat,22,0,21.2
foggia,"Foggia",IT-75,2026-10-02,heavy,shade,new-to-heat,22,1,22.2
foggia,"Foggia",IT-75,2026-10-03,heavy,shade,new-to-heat,22,0,21.1
foggia,"Foggia",IT-75,2026-10-04,heavy,shade,new-to-heat,22,0,20.1
foggia,"Foggia",IT-75,2026-10-05,heavy,shade,new-to-heat,22,4,22.5
foggia,"Foggia",IT-75,2026-10-06,heavy,shade,new-to-heat,22,0,20.9
latina,"Latina",IT-62,2026-09-30,light,sun,acclimatised,30,0,23.7
latina,"Latina",IT-62,2026-10-01,light,sun,acclimatised,30,0,24.7
latina,"Latina",IT-62,2026-10-02,light,sun,acclimatised,30,0,24.6
latina,"Latina",IT-62,2026-10-03,light,sun,acclimatised,30,0,24.0
latina,"Latina",IT-62,2026-10-04,light,sun,acclimatised,30,0,25.1
latina,"Latina",IT-62,2026-10-05,light,sun,acclimatised,30,0,24.6
latina,"Latina",IT-62,2026-10-06,light,sun,acclimatised,30,0,24.9
latina,"Latina",IT-62,2026-09-30,light,sun,new-to-heat,29,0,23.7
latina,"Latina",IT-62,2026-10-01,light,sun,new-to-heat,29,0,24.7
latina,"Latina",IT-62,2026-10-02,light,sun,new-to-heat,29,0,24.6
latina,"Latina",IT-62,2026-10-03,light,sun,new-to-heat,29,0,24.0
latina,"Latina",IT-62,2026-10-04,light,sun,new-to-heat,29,0,25.1
latina,"Latina",IT-62,2026-10-05,light,sun,new-to-heat,29,0,24.6
latina,"Latina",IT-62,2026-10-06,light,sun,new-to-heat,29,0,24.9
latina,"Latina",IT-62,2026-09-30,light,shade,acclimatised,30,0,20.8
latina,"Latina",IT-62,2026-10-01,light,shade,acclimatised,30,0,22.1
latina,"Latina",IT-62,2026-10-02,light,shade,acclimatised,30,0,22.3
latina,"Latina",IT-62,2026-10-03,light,shade,acclimatised,30,0,21.5
latina,"Latina",IT-62,2026-10-04,light,shade,acclimatised,30,0,22.6
latina,"Latina",IT-62,2026-10-05,light,shade,acclimatised,30,0,22.4
latina,"Latina",IT-62,2026-10-06,light,shade,acclimatised,30,0,22.0
latina,"Latina",IT-62,2026-09-30,light,shade,new-to-heat,29,0,20.8
latina,"Latina",IT-62,2026-10-01,light,shade,new-to-heat,29,0,22.1
latina,"Latina",IT-62,2026-10-02,light,shade,new-to-heat,29,0,22.3
latina,"Latina",IT-62,2026-10-03,light,shade,new-to-heat,29,0,21.5
latina,"Latina",IT-62,2026-10-04,light,shade,new-to-heat,29,0,22.6
latina,"Latina",IT-62,2026-10-05,light,shade,new-to-heat,29,0,22.4
latina,"Latina",IT-62,2026-10-06,light,shade,new-to-heat,29,0,22.0
latina,"Latina",IT-62,2026-09-30,moderate,sun,acclimatised,28,0,23.7
latina,"Latina",IT-62,2026-10-01,moderate,sun,acclimatised,28,0,24.7
latina,"Latina",IT-62,2026-10-02,moderate,sun,acclimatised,28,0,24.6
latina,"Latina",IT-62,2026-10-03,moderate,sun,acclimatised,28,0,24.0
latina,"Latina",IT-62,2026-10-04,moderate,sun,acclimatised,28,0,25.1
latina,"Latina",IT-62,2026-10-05,moderate,sun,acclimatised,28,0,24.6
latina,"Latina",IT-62,2026-10-06,moderate,sun,acclimatised,28,0,24.9
latina,"Latina",IT-62,2026-09-30,moderate,sun,new-to-heat,26,0,23.7
latina,"Latina",IT-62,2026-10-01,moderate,sun,new-to-heat,26,0,24.7
latina,"Latina",IT-62,2026-10-02,moderate,sun,new-to-heat,26,0,24.6
latina,"Latina",IT-62,2026-10-03,moderate,sun,new-to-heat,26,0,24.0
latina,"Latina",IT-62,2026-10-04,moderate,sun,new-to-heat,26,0,25.1
latina,"Latina",IT-62,2026-10-05,moderate,sun,new-to-heat,26,0,24.6
latina,"Latina",IT-62,2026-10-06,moderate,sun,new-to-heat,26,0,24.9
latina,"Latina",IT-62,2026-09-30,moderate,shade,acclimatised,28,0,20.8
latina,"Latina",IT-62,2026-10-01,moderate,shade,acclimatised,28,0,22.1
latina,"Latina",IT-62,2026-10-02,moderate,shade,acclimatised,28,0,22.3
latina,"Latina",IT-62,2026-10-03,moderate,shade,acclimatised,28,0,21.5
latina,"Latina",IT-62,2026-10-04,moderate,shade,acclimatised,28,0,22.6
latina,"Latina",IT-62,2026-10-05,moderate,shade,acclimatised,28,0,22.4
latina,"Latina",IT-62,2026-10-06,moderate,shade,acclimatised,28,0,22.0
latina,"Latina",IT-62,2026-09-30,moderate,shade,new-to-heat,26,0,20.8
latina,"Latina",IT-62,2026-10-01,moderate,shade,new-to-heat,26,0,22.1
latina,"Latina",IT-62,2026-10-02,moderate,shade,new-to-heat,26,0,22.3
latina,"Latina",IT-62,2026-10-03,moderate,shade,new-to-heat,26,0,21.5
latina,"Latina",IT-62,2026-10-04,moderate,shade,new-to-heat,26,0,22.6
latina,"Latina",IT-62,2026-10-05,moderate,shade,new-to-heat,26,0,22.4
latina,"Latina",IT-62,2026-10-06,moderate,shade,new-to-heat,26,0,22.0
latina,"Latina",IT-62,2026-09-30,heavy,sun,acclimatised,26,0,23.7
latina,"Latina",IT-62,2026-10-01,heavy,sun,acclimatised,26,0,24.7
latina,"Latina",IT-62,2026-10-02,heavy,sun,acclimatised,26,0,24.6
latina,"Latina",IT-62,2026-10-03,heavy,sun,acclimatised,26,0,24.0
latina,"Latina",IT-62,2026-10-04,heavy,sun,acclimatised,26,0,25.1
latina,"Latina",IT-62,2026-10-05,heavy,sun,acclimatised,26,0,24.6
latina,"Latina",IT-62,2026-10-06,heavy,sun,acclimatised,26,0,24.9
latina,"Latina",IT-62,2026-09-30,heavy,sun,new-to-heat,22,6,23.7
latina,"Latina",IT-62,2026-10-01,heavy,sun,new-to-heat,22,9,24.7
latina,"Latina",IT-62,2026-10-02,heavy,sun,new-to-heat,22,9,24.6
latina,"Latina",IT-62,2026-10-03,heavy,sun,new-to-heat,22,9,24.0
latina,"Latina",IT-62,2026-10-04,heavy,sun,new-to-heat,22,9,25.1
latina,"Latina",IT-62,2026-10-05,heavy,sun,new-to-heat,22,9,24.6
latina,"Latina",IT-62,2026-10-06,heavy,sun,new-to-heat,22,9,24.9
latina,"Latina",IT-62,2026-09-30,heavy,shade,acclimatised,26,0,20.8
latina,"Latina",IT-62,2026-10-01,heavy,shade,acclimatised,26,0,22.1
latina,"Latina",IT-62,2026-10-02,heavy,shade,acclimatised,26,0,22.3
latina,"Latina",IT-62,2026-10-03,heavy,shade,acclimatised,26,0,21.5
latina,"Latina",IT-62,2026-10-04,heavy,shade,acclimatised,26,0,22.6
latina,"Latina",IT-62,2026-10-05,heavy,shade,acclimatised,26,0,22.4
latina,"Latina",IT-62,2026-10-06,heavy,shade,acclimatised,26,0,22.0
latina,"Latina",IT-62,2026-09-30,heavy,shade,new-to-heat,22,0,20.8
latina,"Latina",IT-62,2026-10-01,heavy,shade,new-to-heat,22,2,22.1
latina,"Latina",IT-62,2026-10-02,heavy,shade,new-to-heat,22,1,22.3
latina,"Latina",IT-62,2026-10-03,heavy,shade,new-to-heat,22,0,21.5
latina,"Latina",IT-62,2026-10-04,heavy,shade,new-to-heat,22,5,22.6
latina,"Latina",IT-62,2026-10-05,heavy,shade,new-to-heat,22,4,22.4
latina,"Latina",IT-62,2026-10-06,heavy,shade,new-to-heat,22,1,22.0
bologna,"Bologna",IT-45,2026-09-30,light,sun,acclimatised,30,0,24.1
bologna,"Bologna",IT-45,2026-10-01,light,sun,acclimatised,30,0,23.7
bologna,"Bologna",IT-45,2026-10-02,light,sun,acclimatised,30,0,22.5
bologna,"Bologna",IT-45,2026-10-03,light,sun,acclimatised,30,0,23.6
bologna,"Bologna",IT-45,2026-10-04,light,sun,acclimatised,30,0,23.5
bologna,"Bologna",IT-45,2026-10-05,light,sun,acclimatised,30,0,23.8
bologna,"Bologna",IT-45,2026-10-06,light,sun,acclimatised,30,0,24.1
bologna,"Bologna",IT-45,2026-09-30,light,sun,new-to-heat,29,0,24.1
bologna,"Bologna",IT-45,2026-10-01,light,sun,new-to-heat,29,0,23.7
bologna,"Bologna",IT-45,2026-10-02,light,sun,new-to-heat,29,0,22.5
bologna,"Bologna",IT-45,2026-10-03,light,sun,new-to-heat,29,0,23.6
bologna,"Bologna",IT-45,2026-10-04,light,sun,new-to-heat,29,0,23.5
bologna,"Bologna",IT-45,2026-10-05,light,sun,new-to-heat,29,0,23.8
bologna,"Bologna",IT-45,2026-10-06,light,sun,new-to-heat,29,0,24.1
bologna,"Bologna",IT-45,2026-09-30,light,shade,acclimatised,30,0,20.8
bologna,"Bologna",IT-45,2026-10-01,light,shade,acclimatised,30,0,21.5
bologna,"Bologna",IT-45,2026-10-02,light,shade,acclimatised,30,0,20.5
bologna,"Bologna",IT-45,2026-10-03,light,shade,acclimatised,30,0,19.7
bologna,"Bologna",IT-45,2026-10-04,light,shade,acclimatised,30,0,19.5
bologna,"Bologna",IT-45,2026-10-05,light,shade,acclimatised,30,0,19.8
bologna,"Bologna",IT-45,2026-10-06,light,shade,acclimatised,30,0,21.0
bologna,"Bologna",IT-45,2026-09-30,light,shade,new-to-heat,29,0,20.8
bologna,"Bologna",IT-45,2026-10-01,light,shade,new-to-heat,29,0,21.5
bologna,"Bologna",IT-45,2026-10-02,light,shade,new-to-heat,29,0,20.5
bologna,"Bologna",IT-45,2026-10-03,light,shade,new-to-heat,29,0,19.7
bologna,"Bologna",IT-45,2026-10-04,light,shade,new-to-heat,29,0,19.5
bologna,"Bologna",IT-45,2026-10-05,light,shade,new-to-heat,29,0,19.8
bologna,"Bologna",IT-45,2026-10-06,light,shade,new-to-heat,29,0,21.0
bologna,"Bologna",IT-45,2026-09-30,moderate,sun,acclimatised,28,0,24.1
bologna,"Bologna",IT-45,2026-10-01,moderate,sun,acclimatised,28,0,23.7
bologna,"Bologna",IT-45,2026-10-02,moderate,sun,acclimatised,28,0,22.5
bologna,"Bologna",IT-45,2026-10-03,moderate,sun,acclimatised,28,0,23.6
bologna,"Bologna",IT-45,2026-10-04,moderate,sun,acclimatised,28,0,23.5
bologna,"Bologna",IT-45,2026-10-05,moderate,sun,acclimatised,28,0,23.8
bologna,"Bologna",IT-45,2026-10-06,moderate,sun,acclimatised,28,0,24.1
bologna,"Bologna",IT-45,2026-09-30,moderate,sun,new-to-heat,26,0,24.1
bologna,"Bologna",IT-45,2026-10-01,moderate,sun,new-to-heat,26,0,23.7
bologna,"Bologna",IT-45,2026-10-02,moderate,sun,new-to-heat,26,0,22.5
bologna,"Bologna",IT-45,2026-10-03,moderate,sun,new-to-heat,26,0,23.6
bologna,"Bologna",IT-45,2026-10-04,moderate,sun,new-to-heat,26,0,23.5
bologna,"Bologna",IT-45,2026-10-05,moderate,sun,new-to-heat,26,0,23.8
bologna,"Bologna",IT-45,2026-10-06,moderate,sun,new-to-heat,26,0,24.1
bologna,"Bologna",IT-45,2026-09-30,moderate,shade,acclimatised,28,0,20.8
bologna,"Bologna",IT-45,2026-10-01,moderate,shade,acclimatised,28,0,21.5
bologna,"Bologna",IT-45,2026-10-02,moderate,shade,acclimatised,28,0,20.5
bologna,"Bologna",IT-45,2026-10-03,moderate,shade,acclimatised,28,0,19.7
bologna,"Bologna",IT-45,2026-10-04,moderate,shade,acclimatised,28,0,19.5
bologna,"Bologna",IT-45,2026-10-05,moderate,shade,acclimatised,28,0,19.8
bologna,"Bologna",IT-45,2026-10-06,moderate,shade,acclimatised,28,0,21.0
bologna,"Bologna",IT-45,2026-09-30,moderate,shade,new-to-heat,26,0,20.8
bologna,"Bologna",IT-45,2026-10-01,moderate,shade,new-to-heat,26,0,21.5
bologna,"Bologna",IT-45,2026-10-02,moderate,shade,new-to-heat,26,0,20.5
bologna,"Bologna",IT-45,2026-10-03,moderate,shade,new-to-heat,26,0,19.7
bologna,"Bologna",IT-45,2026-10-04,moderate,shade,new-to-heat,26,0,19.5
bologna,"Bologna",IT-45,2026-10-05,moderate,shade,new-to-heat,26,0,19.8
bologna,"Bologna",IT-45,2026-10-06,moderate,shade,new-to-heat,26,0,21.0
bologna,"Bologna",IT-45,2026-09-30,heavy,sun,acclimatised,26,0,24.1
bologna,"Bologna",IT-45,2026-10-01,heavy,sun,acclimatised,26,0,23.7
bologna,"Bologna",IT-45,2026-10-02,heavy,sun,acclimatised,26,0,22.5
bologna,"Bologna",IT-45,2026-10-03,heavy,sun,acclimatised,26,0,23.6
bologna,"Bologna",IT-45,2026-10-04,heavy,sun,acclimatised,26,0,23.5
bologna,"Bologna",IT-45,2026-10-05,heavy,sun,acclimatised,26,0,23.8
bologna,"Bologna",IT-45,2026-10-06,heavy,sun,acclimatised,26,0,24.1
bologna,"Bologna",IT-45,2026-09-30,heavy,sun,new-to-heat,22,7,24.1
bologna,"Bologna",IT-45,2026-10-01,heavy,sun,new-to-heat,22,7,23.7
bologna,"Bologna",IT-45,2026-10-02,heavy,sun,new-to-heat,22,3,22.5
bologna,"Bologna",IT-45,2026-10-03,heavy,sun,new-to-heat,22,5,23.6
bologna,"Bologna",IT-45,2026-10-04,heavy,sun,new-to-heat,22,6,23.5
bologna,"Bologna",IT-45,2026-10-05,heavy,sun,new-to-heat,22,6,23.8
bologna,"Bologna",IT-45,2026-10-06,heavy,sun,new-to-heat,22,7,24.1
bologna,"Bologna",IT-45,2026-09-30,heavy,shade,acclimatised,26,0,20.8
bologna,"Bologna",IT-45,2026-10-01,heavy,shade,acclimatised,26,0,21.5
bologna,"Bologna",IT-45,2026-10-02,heavy,shade,acclimatised,26,0,20.5
bologna,"Bologna",IT-45,2026-10-03,heavy,shade,acclimatised,26,0,19.7
bologna,"Bologna",IT-45,2026-10-04,heavy,shade,acclimatised,26,0,19.5
bologna,"Bologna",IT-45,2026-10-05,heavy,shade,acclimatised,26,0,19.8
bologna,"Bologna",IT-45,2026-10-06,heavy,shade,acclimatised,26,0,21.0
bologna,"Bologna",IT-45,2026-09-30,heavy,shade,new-to-heat,22,0,20.8
bologna,"Bologna",IT-45,2026-10-01,heavy,shade,new-to-heat,22,0,21.5
bologna,"Bologna",IT-45,2026-10-02,heavy,shade,new-to-heat,22,0,20.5
bologna,"Bologna",IT-45,2026-10-03,heavy,shade,new-to-heat,22,0,19.7
bologna,"Bologna",IT-45,2026-10-04,heavy,shade,new-to-heat,22,0,19.5
bologna,"Bologna",IT-45,2026-10-05,heavy,shade,new-to-heat,22,0,19.8
bologna,"Bologna",IT-45,2026-10-06,heavy,shade,new-to-heat,22,0,21.0
milan,"Milan",IT-25,2026-09-30,light,sun,acclimatised,30,0,22.7
milan,"Milan",IT-25,2026-10-01,light,sun,acclimatised,30,0,21.6
milan,"Milan",IT-25,2026-10-02,light,sun,acclimatised,30,0,21.3
milan,"Milan",IT-25,2026-10-03,light,sun,acclimatised,30,0,24.3
milan,"Milan",IT-25,2026-10-04,light,sun,acclimatised,30,0,23.3
milan,"Milan",IT-25,2026-10-05,light,sun,acclimatised,30,0,23.9
milan,"Milan",IT-25,2026-10-06,light,sun,acclimatised,30,0,25.3
milan,"Milan",IT-25,2026-09-30,light,sun,new-to-heat,29,0,22.7
milan,"Milan",IT-25,2026-10-01,light,sun,new-to-heat,29,0,21.6
milan,"Milan",IT-25,2026-10-02,light,sun,new-to-heat,29,0,21.3
milan,"Milan",IT-25,2026-10-03,light,sun,new-to-heat,29,0,24.3
milan,"Milan",IT-25,2026-10-04,light,sun,new-to-heat,29,0,23.3
milan,"Milan",IT-25,2026-10-05,light,sun,new-to-heat,29,0,23.9
milan,"Milan",IT-25,2026-10-06,light,sun,new-to-heat,29,0,25.3
milan,"Milan",IT-25,2026-09-30,light,shade,acclimatised,30,0,20.7
milan,"Milan",IT-25,2026-10-01,light,shade,acclimatised,30,0,20.7
milan,"Milan",IT-25,2026-10-02,light,shade,acclimatised,30,0,20.4
milan,"Milan",IT-25,2026-10-03,light,shade,acclimatised,30,0,20.6
milan,"Milan",IT-25,2026-10-04,light,shade,acclimatised,30,0,20.0
milan,"Milan",IT-25,2026-10-05,light,shade,acclimatised,30,0,20.5
milan,"Milan",IT-25,2026-10-06,light,shade,acclimatised,30,0,21.2
milan,"Milan",IT-25,2026-09-30,light,shade,new-to-heat,29,0,20.7
milan,"Milan",IT-25,2026-10-01,light,shade,new-to-heat,29,0,20.7
milan,"Milan",IT-25,2026-10-02,light,shade,new-to-heat,29,0,20.4
milan,"Milan",IT-25,2026-10-03,light,shade,new-to-heat,29,0,20.6
milan,"Milan",IT-25,2026-10-04,light,shade,new-to-heat,29,0,20.0
milan,"Milan",IT-25,2026-10-05,light,shade,new-to-heat,29,0,20.5
milan,"Milan",IT-25,2026-10-06,light,shade,new-to-heat,29,0,21.2
milan,"Milan",IT-25,2026-09-30,moderate,sun,acclimatised,28,0,22.7
milan,"Milan",IT-25,2026-10-01,moderate,sun,acclimatised,28,0,21.6
milan,"Milan",IT-25,2026-10-02,moderate,sun,acclimatised,28,0,21.3
milan,"Milan",IT-25,2026-10-03,moderate,sun,acclimatised,28,0,24.3
milan,"Milan",IT-25,2026-10-04,moderate,sun,acclimatised,28,0,23.3
milan,"Milan",IT-25,2026-10-05,moderate,sun,acclimatised,28,0,23.9
milan,"Milan",IT-25,2026-10-06,moderate,sun,acclimatised,28,0,25.3
milan,"Milan",IT-25,2026-09-30,moderate,sun,new-to-heat,26,0,22.7
milan,"Milan",IT-25,2026-10-01,moderate,sun,new-to-heat,26,0,21.6
milan,"Milan",IT-25,2026-10-02,moderate,sun,new-to-heat,26,0,21.3
milan,"Milan",IT-25,2026-10-03,moderate,sun,new-to-heat,26,0,24.3
milan,"Milan",IT-25,2026-10-04,moderate,sun,new-to-heat,26,0,23.3
milan,"Milan",IT-25,2026-10-05,moderate,sun,new-to-heat,26,0,23.9
milan,"Milan",IT-25,2026-10-06,moderate,sun,new-to-heat,26,0,25.3
milan,"Milan",IT-25,2026-09-30,moderate,shade,acclimatised,28,0,20.7
milan,"Milan",IT-25,2026-10-01,moderate,shade,acclimatised,28,0,20.7
milan,"Milan",IT-25,2026-10-02,moderate,shade,acclimatised,28,0,20.4
milan,"Milan",IT-25,2026-10-03,moderate,shade,acclimatised,28,0,20.6
milan,"Milan",IT-25,2026-10-04,moderate,shade,acclimatised,28,0,20.0
milan,"Milan",IT-25,2026-10-05,moderate,shade,acclimatised,28,0,20.5
milan,"Milan",IT-25,2026-10-06,moderate,shade,acclimatised,28,0,21.2
milan,"Milan",IT-25,2026-09-30,moderate,shade,new-to-heat,26,0,20.7
milan,"Milan",IT-25,2026-10-01,moderate,shade,new-to-heat,26,0,20.7
milan,"Milan",IT-25,2026-10-02,moderate,shade,new-to-heat,26,0,20.4
milan,"Milan",IT-25,2026-10-03,moderate,shade,new-to-heat,26,0,20.6
milan,"Milan",IT-25,2026-10-04,moderate,shade,new-to-heat,26,0,20.0
milan,"Milan",IT-25,2026-10-05,moderate,shade,new-to-heat,26,0,20.5
milan,"Milan",IT-25,2026-10-06,moderate,shade,new-to-heat,26,0,21.2
milan,"Milan",IT-25,2026-09-30,heavy,sun,acclimatised,26,0,22.7
milan,"Milan",IT-25,2026-10-01,heavy,sun,acclimatised,26,0,21.6
milan,"Milan",IT-25,2026-10-02,heavy,sun,acclimatised,26,0,21.3
milan,"Milan",IT-25,2026-10-03,heavy,sun,acclimatised,26,0,24.3
milan,"Milan",IT-25,2026-10-04,heavy,sun,acclimatised,26,0,23.3
milan,"Milan",IT-25,2026-10-05,heavy,sun,acclimatised,26,0,23.9
milan,"Milan",IT-25,2026-10-06,heavy,sun,acclimatised,26,0,25.3
milan,"Milan",IT-25,2026-09-30,heavy,sun,new-to-heat,22,3,22.7
milan,"Milan",IT-25,2026-10-01,heavy,sun,new-to-heat,22,0,21.6
milan,"Milan",IT-25,2026-10-02,heavy,sun,new-to-heat,22,0,21.3
milan,"Milan",IT-25,2026-10-03,heavy,sun,new-to-heat,22,4,24.3
milan,"Milan",IT-25,2026-10-04,heavy,sun,new-to-heat,22,5,23.3
milan,"Milan",IT-25,2026-10-05,heavy,sun,new-to-heat,22,8,23.9
milan,"Milan",IT-25,2026-10-06,heavy,sun,new-to-heat,22,7,25.3
milan,"Milan",IT-25,2026-09-30,heavy,shade,acclimatised,26,0,20.7
milan,"Milan",IT-25,2026-10-01,heavy,shade,acclimatised,26,0,20.7
milan,"Milan",IT-25,2026-10-02,heavy,shade,acclimatised,26,0,20.4
milan,"Milan",IT-25,2026-10-03,heavy,shade,acclimatised,26,0,20.6
milan,"Milan",IT-25,2026-10-04,heavy,shade,acclimatised,26,0,20.0
milan,"Milan",IT-25,2026-10-05,heavy,shade,acclimatised,26,0,20.5
milan,"Milan",IT-25,2026-10-06,heavy,shade,acclimatised,26,0,21.2
milan,"Milan",IT-25,2026-09-30,heavy,shade,new-to-heat,22,0,20.7
milan,"Milan",IT-25,2026-10-01,heavy,shade,new-to-heat,22,0,20.7
milan,"Milan",IT-25,2026-10-02,heavy,shade,new-to-heat,22,0,20.4
milan,"Milan",IT-25,2026-10-03,heavy,shade,new-to-heat,22,0,20.6
milan,"Milan",IT-25,2026-10-04,heavy,shade,new-to-heat,22,0,20.0
milan,"Milan",IT-25,2026-10-05,heavy,shade,new-to-heat,22,0,20.5
milan,"Milan",IT-25,2026-10-06,heavy,shade,new-to-heat,22,0,21.2
vienna,"Vienna",AT-9,2026-09-30,light,sun,acclimatised,30,0,19.8
vienna,"Vienna",AT-9,2026-10-01,light,sun,acclimatised,30,0,19.3
vienna,"Vienna",AT-9,2026-10-02,light,sun,acclimatised,30,0,19.7
vienna,"Vienna",AT-9,2026-10-03,light,sun,acclimatised,30,0,19.6
vienna,"Vienna",AT-9,2026-10-04,light,sun,acclimatised,30,0,20.3
vienna,"Vienna",AT-9,2026-10-05,light,sun,acclimatised,30,0,17.3
vienna,"Vienna",AT-9,2026-10-06,light,sun,acclimatised,30,0,18.5
vienna,"Vienna",AT-9,2026-09-30,light,sun,new-to-heat,29,0,19.8
vienna,"Vienna",AT-9,2026-10-01,light,sun,new-to-heat,29,0,19.3
vienna,"Vienna",AT-9,2026-10-02,light,sun,new-to-heat,29,0,19.7
vienna,"Vienna",AT-9,2026-10-03,light,sun,new-to-heat,29,0,19.6
vienna,"Vienna",AT-9,2026-10-04,light,sun,new-to-heat,29,0,20.3
vienna,"Vienna",AT-9,2026-10-05,light,sun,new-to-heat,29,0,17.3
vienna,"Vienna",AT-9,2026-10-06,light,sun,new-to-heat,29,0,18.5
vienna,"Vienna",AT-9,2026-09-30,light,shade,acclimatised,30,0,17.7
vienna,"Vienna",AT-9,2026-10-01,light,shade,acclimatised,30,0,16.9
vienna,"Vienna",AT-9,2026-10-02,light,shade,acclimatised,30,0,17.2
vienna,"Vienna",AT-9,2026-10-03,light,shade,acclimatised,30,0,17.3
vienna,"Vienna",AT-9,2026-10-04,light,shade,acclimatised,30,0,17.2
vienna,"Vienna",AT-9,2026-10-05,light,shade,acclimatised,30,0,17.1
vienna,"Vienna",AT-9,2026-10-06,light,shade,acclimatised,30,0,16.9
vienna,"Vienna",AT-9,2026-09-30,light,shade,new-to-heat,29,0,17.7
vienna,"Vienna",AT-9,2026-10-01,light,shade,new-to-heat,29,0,16.9
vienna,"Vienna",AT-9,2026-10-02,light,shade,new-to-heat,29,0,17.2
vienna,"Vienna",AT-9,2026-10-03,light,shade,new-to-heat,29,0,17.3
vienna,"Vienna",AT-9,2026-10-04,light,shade,new-to-heat,29,0,17.2
vienna,"Vienna",AT-9,2026-10-05,light,shade,new-to-heat,29,0,17.1
vienna,"Vienna",AT-9,2026-10-06,light,shade,new-to-heat,29,0,16.9
vienna,"Vienna",AT-9,2026-09-30,moderate,sun,acclimatised,28,0,19.8
vienna,"Vienna",AT-9,2026-10-01,moderate,sun,acclimatised,28,0,19.3
vienna,"Vienna",AT-9,2026-10-02,moderate,sun,acclimatised,28,0,19.7
vienna,"Vienna",AT-9,2026-10-03,moderate,sun,acclimatised,28,0,19.6
vienna,"Vienna",AT-9,2026-10-04,moderate,sun,acclimatised,28,0,20.3
vienna,"Vienna",AT-9,2026-10-05,moderate,sun,acclimatised,28,0,17.3
vienna,"Vienna",AT-9,2026-10-06,moderate,sun,acclimatised,28,0,18.5
vienna,"Vienna",AT-9,2026-09-30,moderate,sun,new-to-heat,26,0,19.8
vienna,"Vienna",AT-9,2026-10-01,moderate,sun,new-to-heat,26,0,19.3
vienna,"Vienna",AT-9,2026-10-02,moderate,sun,new-to-heat,26,0,19.7
vienna,"Vienna",AT-9,2026-10-03,moderate,sun,new-to-heat,26,0,19.6
vienna,"Vienna",AT-9,2026-10-04,moderate,sun,new-to-heat,26,0,20.3
vienna,"Vienna",AT-9,2026-10-05,moderate,sun,new-to-heat,26,0,17.3
vienna,"Vienna",AT-9,2026-10-06,moderate,sun,new-to-heat,26,0,18.5
vienna,"Vienna",AT-9,2026-09-30,moderate,shade,acclimatised,28,0,17.7
vienna,"Vienna",AT-9,2026-10-01,moderate,shade,acclimatised,28,0,16.9
vienna,"Vienna",AT-9,2026-10-02,moderate,shade,acclimatised,28,0,17.2
vienna,"Vienna",AT-9,2026-10-03,moderate,shade,acclimatised,28,0,17.3
vienna,"Vienna",AT-9,2026-10-04,moderate,shade,acclimatised,28,0,17.2
vienna,"Vienna",AT-9,2026-10-05,moderate,shade,acclimatised,28,0,17.1
vienna,"Vienna",AT-9,2026-10-06,moderate,shade,acclimatised,28,0,16.9
vienna,"Vienna",AT-9,2026-09-30,moderate,shade,new-to-heat,26,0,17.7
vienna,"Vienna",AT-9,2026-10-01,moderate,shade,new-to-heat,26,0,16.9
vienna,"Vienna",AT-9,2026-10-02,moderate,shade,new-to-heat,26,0,17.2
vienna,"Vienna",AT-9,2026-10-03,moderate,shade,new-to-heat,26,0,17.3
vienna,"Vienna",AT-9,2026-10-04,moderate,shade,new-to-heat,26,0,17.2
vienna,"Vienna",AT-9,2026-10-05,moderate,shade,new-to-heat,26,0,17.1
vienna,"Vienna",AT-9,2026-10-06,moderate,shade,new-to-heat,26,0,16.9
vienna,"Vienna",AT-9,2026-09-30,heavy,sun,acclimatised,26,0,19.8
vienna,"Vienna",AT-9,2026-10-01,heavy,sun,acclimatised,26,0,19.3
vienna,"Vienna",AT-9,2026-10-02,heavy,sun,acclimatised,26,0,19.7
vienna,"Vienna",AT-9,2026-10-03,heavy,sun,acclimatised,26,0,19.6
vienna,"Vienna",AT-9,2026-10-04,heavy,sun,acclimatised,26,0,20.3
vienna,"Vienna",AT-9,2026-10-05,heavy,sun,acclimatised,26,0,17.3
vienna,"Vienna",AT-9,2026-10-06,heavy,sun,acclimatised,26,0,18.5
vienna,"Vienna",AT-9,2026-09-30,heavy,sun,new-to-heat,22,0,19.8
vienna,"Vienna",AT-9,2026-10-01,heavy,sun,new-to-heat,22,0,19.3
vienna,"Vienna",AT-9,2026-10-02,heavy,sun,new-to-heat,22,0,19.7
vienna,"Vienna",AT-9,2026-10-03,heavy,sun,new-to-heat,22,0,19.6
vienna,"Vienna",AT-9,2026-10-04,heavy,sun,new-to-heat,22,0,20.3
vienna,"Vienna",AT-9,2026-10-05,heavy,sun,new-to-heat,22,0,17.3
vienna,"Vienna",AT-9,2026-10-06,heavy,sun,new-to-heat,22,0,18.5
vienna,"Vienna",AT-9,2026-09-30,heavy,shade,acclimatised,26,0,17.7
vienna,"Vienna",AT-9,2026-10-01,heavy,shade,acclimatised,26,0,16.9
vienna,"Vienna",AT-9,2026-10-02,heavy,shade,acclimatised,26,0,17.2
vienna,"Vienna",AT-9,2026-10-03,heavy,shade,acclimatised,26,0,17.3
vienna,"Vienna",AT-9,2026-10-04,heavy,shade,acclimatised,26,0,17.2
vienna,"Vienna",AT-9,2026-10-05,heavy,shade,acclimatised,26,0,17.1
vienna,"Vienna",AT-9,2026-10-06,heavy,shade,acclimatised,26,0,16.9
vienna,"Vienna",AT-9,2026-09-30,heavy,shade,new-to-heat,22,0,17.7
vienna,"Vienna",AT-9,2026-10-01,heavy,shade,new-to-heat,22,0,16.9
vienna,"Vienna",AT-9,2026-10-02,heavy,shade,new-to-heat,22,0,17.2
vienna,"Vienna",AT-9,2026-10-03,heavy,shade,new-to-heat,22,0,17.3
vienna,"Vienna",AT-9,2026-10-04,heavy,shade,new-to-heat,22,0,17.2
vienna,"Vienna",AT-9,2026-10-05,heavy,shade,new-to-heat,22,0,17.1
vienna,"Vienna",AT-9,2026-10-06,heavy,shade,new-to-heat,22,0,16.9
antwerp,"Antwerp",BE-VAN,2026-09-30,light,sun,acclimatised,30,0,23.1
antwerp,"Antwerp",BE-VAN,2026-10-01,light,sun,acclimatised,30,0,20.3
antwerp,"Antwerp",BE-VAN,2026-10-02,light,sun,acclimatised,30,0,21.5
antwerp,"Antwerp",BE-VAN,2026-10-03,light,sun,acclimatised,30,0,20.2
antwerp,"Antwerp",BE-VAN,2026-10-04,light,sun,acclimatised,30,0,21.8
antwerp,"Antwerp",BE-VAN,2026-10-05,light,sun,acclimatised,30,0,20.2
antwerp,"Antwerp",BE-VAN,2026-10-06,light,sun,acclimatised,30,0,20.4
antwerp,"Antwerp",BE-VAN,2026-09-30,light,sun,new-to-heat,29,0,23.1
antwerp,"Antwerp",BE-VAN,2026-10-01,light,sun,new-to-heat,29,0,20.3
antwerp,"Antwerp",BE-VAN,2026-10-02,light,sun,new-to-heat,29,0,21.5
antwerp,"Antwerp",BE-VAN,2026-10-03,light,sun,new-to-heat,29,0,20.2
antwerp,"Antwerp",BE-VAN,2026-10-04,light,sun,new-to-heat,29,0,21.8
antwerp,"Antwerp",BE-VAN,2026-10-05,light,sun,new-to-heat,29,0,20.2
antwerp,"Antwerp",BE-VAN,2026-10-06,light,sun,new-to-heat,29,0,20.4
antwerp,"Antwerp",BE-VAN,2026-09-30,light,shade,acclimatised,30,0,22.4
antwerp,"Antwerp",BE-VAN,2026-10-01,light,shade,acclimatised,30,0,18.8
antwerp,"Antwerp",BE-VAN,2026-10-02,light,shade,acclimatised,30,0,17.4
antwerp,"Antwerp",BE-VAN,2026-10-03,light,shade,acclimatised,30,0,17.5
antwerp,"Antwerp",BE-VAN,2026-10-04,light,shade,acclimatised,30,0,16.8
antwerp,"Antwerp",BE-VAN,2026-10-05,light,shade,acclimatised,30,0,17.0
antwerp,"Antwerp",BE-VAN,2026-10-06,light,shade,acclimatised,30,0,18.8
antwerp,"Antwerp",BE-VAN,2026-09-30,light,shade,new-to-heat,29,0,22.4
antwerp,"Antwerp",BE-VAN,2026-10-01,light,shade,new-to-heat,29,0,18.8
antwerp,"Antwerp",BE-VAN,2026-10-02,light,shade,new-to-heat,29,0,17.4
antwerp,"Antwerp",BE-VAN,2026-10-03,light,shade,new-to-heat,29,0,17.5
antwerp,"Antwerp",BE-VAN,2026-10-04,light,shade,new-to-heat,29,0,16.8
antwerp,"Antwerp",BE-VAN,2026-10-05,light,shade,new-to-heat,29,0,17.0
antwerp,"Antwerp",BE-VAN,2026-10-06,light,shade,new-to-heat,29,0,18.8
antwerp,"Antwerp",BE-VAN,2026-09-30,moderate,sun,acclimatised,28,0,23.1
antwerp,"Antwerp",BE-VAN,2026-10-01,moderate,sun,acclimatised,28,0,20.3
antwerp,"Antwerp",BE-VAN,2026-10-02,moderate,sun,acclimatised,28,0,21.5
antwerp,"Antwerp",BE-VAN,2026-10-03,moderate,sun,acclimatised,28,0,20.2
antwerp,"Antwerp",BE-VAN,2026-10-04,moderate,sun,acclimatised,28,0,21.8
antwerp,"Antwerp",BE-VAN,2026-10-05,moderate,sun,acclimatised,28,0,20.2
antwerp,"Antwerp",BE-VAN,2026-10-06,moderate,sun,acclimatised,28,0,20.4
antwerp,"Antwerp",BE-VAN,2026-09-30,moderate,sun,new-to-heat,26,0,23.1
antwerp,"Antwerp",BE-VAN,2026-10-01,moderate,sun,new-to-heat,26,0,20.3
antwerp,"Antwerp",BE-VAN,2026-10-02,moderate,sun,new-to-heat,26,0,21.5
antwerp,"Antwerp",BE-VAN,2026-10-03,moderate,sun,new-to-heat,26,0,20.2
antwerp,"Antwerp",BE-VAN,2026-10-04,moderate,sun,new-to-heat,26,0,21.8
antwerp,"Antwerp",BE-VAN,2026-10-05,moderate,sun,new-to-heat,26,0,20.2
antwerp,"Antwerp",BE-VAN,2026-10-06,moderate,sun,new-to-heat,26,0,20.4
antwerp,"Antwerp",BE-VAN,2026-09-30,moderate,shade,acclimatised,28,0,22.4
antwerp,"Antwerp",BE-VAN,2026-10-01,moderate,shade,acclimatised,28,0,18.8
antwerp,"Antwerp",BE-VAN,2026-10-02,moderate,shade,acclimatised,28,0,17.4
antwerp,"Antwerp",BE-VAN,2026-10-03,moderate,shade,acclimatised,28,0,17.5
antwerp,"Antwerp",BE-VAN,2026-10-04,moderate,shade,acclimatised,28,0,16.8
antwerp,"Antwerp",BE-VAN,2026-10-05,moderate,shade,acclimatised,28,0,17.0
antwerp,"Antwerp",BE-VAN,2026-10-06,moderate,shade,acclimatised,28,0,18.8
antwerp,"Antwerp",BE-VAN,2026-09-30,moderate,shade,new-to-heat,26,0,22.4
antwerp,"Antwerp",BE-VAN,2026-10-01,moderate,shade,new-to-heat,26,0,18.8
antwerp,"Antwerp",BE-VAN,2026-10-02,moderate,shade,new-to-heat,26,0,17.4
antwerp,"Antwerp",BE-VAN,2026-10-03,moderate,shade,new-to-heat,26,0,17.5
antwerp,"Antwerp",BE-VAN,2026-10-04,moderate,shade,new-to-heat,26,0,16.8
antwerp,"Antwerp",BE-VAN,2026-10-05,moderate,shade,new-to-heat,26,0,17.0
antwerp,"Antwerp",BE-VAN,2026-10-06,moderate,shade,new-to-heat,26,0,18.8
antwerp,"Antwerp",BE-VAN,2026-09-30,heavy,sun,acclimatised,26,0,23.1
antwerp,"Antwerp",BE-VAN,2026-10-01,heavy,sun,acclimatised,26,0,20.3
antwerp,"Antwerp",BE-VAN,2026-10-02,heavy,sun,acclimatised,26,0,21.5
antwerp,"Antwerp",BE-VAN,2026-10-03,heavy,sun,acclimatised,26,0,20.2
antwerp,"Antwerp",BE-VAN,2026-10-04,heavy,sun,acclimatised,26,0,21.8
antwerp,"Antwerp",BE-VAN,2026-10-05,heavy,sun,acclimatised,26,0,20.2
antwerp,"Antwerp",BE-VAN,2026-10-06,heavy,sun,acclimatised,26,0,20.4
antwerp,"Antwerp",BE-VAN,2026-09-30,heavy,sun,new-to-heat,22,2,23.1
antwerp,"Antwerp",BE-VAN,2026-10-01,heavy,sun,new-to-heat,22,0,20.3
antwerp,"Antwerp",BE-VAN,2026-10-02,heavy,sun,new-to-heat,22,0,21.5
antwerp,"Antwerp",BE-VAN,2026-10-03,heavy,sun,new-to-heat,22,0,20.2
antwerp,"Antwerp",BE-VAN,2026-10-04,heavy,sun,new-to-heat,22,0,21.8
antwerp,"Antwerp",BE-VAN,2026-10-05,heavy,sun,new-to-heat,22,0,20.2
antwerp,"Antwerp",BE-VAN,2026-10-06,heavy,sun,new-to-heat,22,0,20.4
antwerp,"Antwerp",BE-VAN,2026-09-30,heavy,shade,acclimatised,26,0,22.4
antwerp,"Antwerp",BE-VAN,2026-10-01,heavy,shade,acclimatised,26,0,18.8
antwerp,"Antwerp",BE-VAN,2026-10-02,heavy,shade,acclimatised,26,0,17.4
antwerp,"Antwerp",BE-VAN,2026-10-03,heavy,shade,acclimatised,26,0,17.5
antwerp,"Antwerp",BE-VAN,2026-10-04,heavy,shade,acclimatised,26,0,16.8
antwerp,"Antwerp",BE-VAN,2026-10-05,heavy,shade,acclimatised,26,0,17.0
antwerp,"Antwerp",BE-VAN,2026-10-06,heavy,shade,acclimatised,26,0,18.8
antwerp,"Antwerp",BE-VAN,2026-09-30,heavy,shade,new-to-heat,22,1,22.4
antwerp,"Antwerp",BE-VAN,2026-10-01,heavy,shade,new-to-heat,22,0,18.8
antwerp,"Antwerp",BE-VAN,2026-10-02,heavy,shade,new-to-heat,22,0,17.4
antwerp,"Antwerp",BE-VAN,2026-10-03,heavy,shade,new-to-heat,22,0,17.5
antwerp,"Antwerp",BE-VAN,2026-10-04,heavy,shade,new-to-heat,22,0,16.8
antwerp,"Antwerp",BE-VAN,2026-10-05,heavy,shade,new-to-heat,22,0,17.0
antwerp,"Antwerp",BE-VAN,2026-10-06,heavy,shade,new-to-heat,22,0,18.8
london,"London",GB-LND,2026-09-30,light,sun,acclimatised,30,0,21.4
london,"London",GB-LND,2026-10-01,light,sun,acclimatised,30,0,17.6
london,"London",GB-LND,2026-10-02,light,sun,acclimatised,30,0,18.5
london,"London",GB-LND,2026-10-03,light,sun,acclimatised,30,0,20.1
london,"London",GB-LND,2026-10-04,light,sun,acclimatised,30,0,20.9
london,"London",GB-LND,2026-10-05,light,sun,acclimatised,30,0,17.9
london,"London",GB-LND,2026-10-06,light,sun,acclimatised,30,0,19.1
london,"London",GB-LND,2026-09-30,light,sun,new-to-heat,29,0,21.4
london,"London",GB-LND,2026-10-01,light,sun,new-to-heat,29,0,17.6
london,"London",GB-LND,2026-10-02,light,sun,new-to-heat,29,0,18.5
london,"London",GB-LND,2026-10-03,light,sun,new-to-heat,29,0,20.1
london,"London",GB-LND,2026-10-04,light,sun,new-to-heat,29,0,20.9
london,"London",GB-LND,2026-10-05,light,sun,new-to-heat,29,0,17.9
london,"London",GB-LND,2026-10-06,light,sun,new-to-heat,29,0,19.1
london,"London",GB-LND,2026-09-30,light,shade,acclimatised,30,0,20.4
london,"London",GB-LND,2026-10-01,light,shade,acclimatised,30,0,15.5
london,"London",GB-LND,2026-10-02,light,shade,acclimatised,30,0,16.8
london,"London",GB-LND,2026-10-03,light,shade,acclimatised,30,0,17.7
london,"London",GB-LND,2026-10-04,light,shade,acclimatised,30,0,18.5
london,"London",GB-LND,2026-10-05,light,shade,acclimatised,30,0,16.8
london,"London",GB-LND,2026-10-06,light,shade,acclimatised,30,0,17.9
london,"London",GB-LND,2026-09-30,light,shade,new-to-heat,29,0,20.4
london,"London",GB-LND,2026-10-01,light,shade,new-to-heat,29,0,15.5
london,"London",GB-LND,2026-10-02,light,shade,new-to-heat,29,0,16.8
london,"London",GB-LND,2026-10-03,light,shade,new-to-heat,29,0,17.7
london,"London",GB-LND,2026-10-04,light,shade,new-to-heat,29,0,18.5
london,"London",GB-LND,2026-10-05,light,shade,new-to-heat,29,0,16.8
london,"London",GB-LND,2026-10-06,light,shade,new-to-heat,29,0,17.9
london,"London",GB-LND,2026-09-30,moderate,sun,acclimatised,28,0,21.4
london,"London",GB-LND,2026-10-01,moderate,sun,acclimatised,28,0,17.6
london,"London",GB-LND,2026-10-02,moderate,sun,acclimatised,28,0,18.5
london,"London",GB-LND,2026-10-03,moderate,sun,acclimatised,28,0,20.1
london,"London",GB-LND,2026-10-04,moderate,sun,acclimatised,28,0,20.9
london,"London",GB-LND,2026-10-05,moderate,sun,acclimatised,28,0,17.9
london,"London",GB-LND,2026-10-06,moderate,sun,acclimatised,28,0,19.1
london,"London",GB-LND,2026-09-30,moderate,sun,new-to-heat,26,0,21.4
london,"London",GB-LND,2026-10-01,moderate,sun,new-to-heat,26,0,17.6
london,"London",GB-LND,2026-10-02,moderate,sun,new-to-heat,26,0,18.5
london,"London",GB-LND,2026-10-03,moderate,sun,new-to-heat,26,0,20.1
london,"London",GB-LND,2026-10-04,moderate,sun,new-to-heat,26,0,20.9
london,"London",GB-LND,2026-10-05,moderate,sun,new-to-heat,26,0,17.9
london,"London",GB-LND,2026-10-06,moderate,sun,new-to-heat,26,0,19.1
london,"London",GB-LND,2026-09-30,moderate,shade,acclimatised,28,0,20.4
london,"London",GB-LND,2026-10-01,moderate,shade,acclimatised,28,0,15.5
london,"London",GB-LND,2026-10-02,moderate,shade,acclimatised,28,0,16.8
london,"London",GB-LND,2026-10-03,moderate,shade,acclimatised,28,0,17.7
london,"London",GB-LND,2026-10-04,moderate,shade,acclimatised,28,0,18.5
london,"London",GB-LND,2026-10-05,moderate,shade,acclimatised,28,0,16.8
london,"London",GB-LND,2026-10-06,moderate,shade,acclimatised,28,0,17.9
london,"London",GB-LND,2026-09-30,moderate,shade,new-to-heat,26,0,20.4
london,"London",GB-LND,2026-10-01,moderate,shade,new-to-heat,26,0,15.5
london,"London",GB-LND,2026-10-02,moderate,shade,new-to-heat,26,0,16.8
london,"London",GB-LND,2026-10-03,moderate,shade,new-to-heat,26,0,17.7
london,"London",GB-LND,2026-10-04,moderate,shade,new-to-heat,26,0,18.5
london,"London",GB-LND,2026-10-05,moderate,shade,new-to-heat,26,0,16.8
london,"London",GB-LND,2026-10-06,moderate,shade,new-to-heat,26,0,17.9
london,"London",GB-LND,2026-09-30,heavy,sun,acclimatised,26,0,21.4
london,"London",GB-LND,2026-10-01,heavy,sun,acclimatised,26,0,17.6
london,"London",GB-LND,2026-10-02,heavy,sun,acclimatised,26,0,18.5
london,"London",GB-LND,2026-10-03,heavy,sun,acclimatised,26,0,20.1
london,"London",GB-LND,2026-10-04,heavy,sun,acclimatised,26,0,20.9
london,"London",GB-LND,2026-10-05,heavy,sun,acclimatised,26,0,17.9
london,"London",GB-LND,2026-10-06,heavy,sun,acclimatised,26,0,19.1
london,"London",GB-LND,2026-09-30,heavy,sun,new-to-heat,22,0,21.4
london,"London",GB-LND,2026-10-01,heavy,sun,new-to-heat,22,0,17.6
london,"London",GB-LND,2026-10-02,heavy,sun,new-to-heat,22,0,18.5
london,"London",GB-LND,2026-10-03,heavy,sun,new-to-heat,22,0,20.1
london,"London",GB-LND,2026-10-04,heavy,sun,new-to-heat,22,0,20.9
london,"London",GB-LND,2026-10-05,heavy,sun,new-to-heat,22,0,17.9
london,"London",GB-LND,2026-10-06,heavy,sun,new-to-heat,22,0,19.1
london,"London",GB-LND,2026-09-30,heavy,shade,acclimatised,26,0,20.4
london,"London",GB-LND,2026-10-01,heavy,shade,acclimatised,26,0,15.5
london,"London",GB-LND,2026-10-02,heavy,shade,acclimatised,26,0,16.8
london,"London",GB-LND,2026-10-03,heavy,shade,acclimatised,26,0,17.7
london,"London",GB-LND,2026-10-04,heavy,shade,acclimatised,26,0,18.5
london,"London",GB-LND,2026-10-05,heavy,shade,acclimatised,26,0,16.8
london,"London",GB-LND,2026-10-06,heavy,shade,acclimatised,26,0,17.9
london,"London",GB-LND,2026-09-30,heavy,shade,new-to-heat,22,0,20.4
london,"London",GB-LND,2026-10-01,heavy,shade,new-to-heat,22,0,15.5
london,"London",GB-LND,2026-10-02,heavy,shade,new-to-heat,22,0,16.8
london,"London",GB-LND,2026-10-03,heavy,shade,new-to-heat,22,0,17.7
london,"London",GB-LND,2026-10-04,heavy,shade,new-to-heat,22,0,18.5
london,"London",GB-LND,2026-10-05,heavy,shade,new-to-heat,22,0,16.8
london,"London",GB-LND,2026-10-06,heavy,shade,new-to-heat,22,0,17.9
seville,"Seville",ES-AN,2026-09-30,light,sun,acclimatised,30,1,32.4
seville,"Seville",ES-AN,2026-10-01,light,sun,acclimatised,30,3,31.7
seville,"Seville",ES-AN,2026-10-02,light,sun,acclimatised,30,2,33.7
seville,"Seville",ES-AN,2026-10-03,light,sun,acclimatised,30,0,28.5
seville,"Seville",ES-AN,2026-10-04,light,sun,acclimatised,30,0,29.3
seville,"Seville",ES-AN,2026-10-05,light,sun,acclimatised,30,0,26.1
seville,"Seville",ES-AN,2026-10-06,light,sun,acclimatised,30,0,25.7
seville,"Seville",ES-AN,2026-09-30,light,sun,new-to-heat,29,3,32.4
seville,"Seville",ES-AN,2026-10-01,light,sun,new-to-heat,29,3,31.7
seville,"Seville",ES-AN,2026-10-02,light,sun,new-to-heat,29,3,33.7
seville,"Seville",ES-AN,2026-10-03,light,sun,new-to-heat,29,0,28.5
seville,"Seville",ES-AN,2026-10-04,light,sun,new-to-heat,29,1,29.3
seville,"Seville",ES-AN,2026-10-05,light,sun,new-to-heat,29,0,26.1
seville,"Seville",ES-AN,2026-10-06,light,sun,new-to-heat,29,0,25.7
seville,"Seville",ES-AN,2026-09-30,light,shade,acclimatised,30,1,30.8
seville,"Seville",ES-AN,2026-10-01,light,shade,acclimatised,30,0,26.0
seville,"Seville",ES-AN,2026-10-02,light,shade,acclimatised,30,0,27.1
seville,"Seville",ES-AN,2026-10-03,light,shade,acclimatised,30,0,25.5
seville,"Seville",ES-AN,2026-10-04,light,shade,acclimatised,30,0,28.9
seville,"Seville",ES-AN,2026-10-05,light,shade,acclimatised,30,0,24.8
seville,"Seville",ES-AN,2026-10-06,light,shade,acclimatised,30,0,24.3
seville,"Seville",ES-AN,2026-09-30,light,shade,new-to-heat,29,1,30.8
seville,"Seville",ES-AN,2026-10-01,light,shade,new-to-heat,29,0,26.0
seville,"Seville",ES-AN,2026-10-02,light,shade,new-to-heat,29,0,27.1
seville,"Seville",ES-AN,2026-10-03,light,shade,new-to-heat,29,0,25.5
seville,"Seville",ES-AN,2026-10-04,light,shade,new-to-heat,29,0,28.9
seville,"Seville",ES-AN,2026-10-05,light,shade,new-to-heat,29,0,24.8
seville,"Seville",ES-AN,2026-10-06,light,shade,new-to-heat,29,0,24.3
seville,"Seville",ES-AN,2026-09-30,moderate,sun,acclimatised,28,3,32.4
seville,"Seville",ES-AN,2026-10-01,moderate,sun,acclimatised,28,4,31.7
seville,"Seville",ES-AN,2026-10-02,moderate,sun,acclimatised,28,5,33.7
seville,"Seville",ES-AN,2026-10-03,moderate,sun,acclimatised,28,1,28.5
seville,"Seville",ES-AN,2026-10-04,moderate,sun,acclimatised,28,2,29.3
seville,"Seville",ES-AN,2026-10-05,moderate,sun,acclimatised,28,0,26.1
seville,"Seville",ES-AN,2026-10-06,moderate,sun,acclimatised,28,0,25.7
seville,"Seville",ES-AN,2026-09-30,moderate,sun,new-to-heat,26,6,32.4
seville,"Seville",ES-AN,2026-10-01,moderate,sun,new-to-heat,26,6,31.7
seville,"Seville",ES-AN,2026-10-02,moderate,sun,new-to-heat,26,7,33.7
seville,"Seville",ES-AN,2026-10-03,moderate,sun,new-to-heat,26,6,28.5
seville,"Seville",ES-AN,2026-10-04,moderate,sun,new-to-heat,26,5,29.3
seville,"Seville",ES-AN,2026-10-05,moderate,sun,new-to-heat,26,2,26.1
seville,"Seville",ES-AN,2026-10-06,moderate,sun,new-to-heat,26,0,25.7
seville,"Seville",ES-AN,2026-09-30,moderate,shade,acclimatised,28,1,30.8
seville,"Seville",ES-AN,2026-10-01,moderate,shade,acclimatised,28,0,26.0
seville,"Seville",ES-AN,2026-10-02,moderate,shade,acclimatised,28,0,27.1
seville,"Seville",ES-AN,2026-10-03,moderate,shade,acclimatised,28,0,25.5
seville,"Seville",ES-AN,2026-10-04,moderate,shade,acclimatised,28,1,28.9
seville,"Seville",ES-AN,2026-10-05,moderate,shade,acclimatised,28,0,24.8
seville,"Seville",ES-AN,2026-10-06,moderate,shade,acclimatised,28,0,24.3
seville,"Seville",ES-AN,2026-09-30,moderate,shade,new-to-heat,26,5,30.8
seville,"Seville",ES-AN,2026-10-01,moderate,shade,new-to-heat,26,0,26.0
seville,"Seville",ES-AN,2026-10-02,moderate,shade,new-to-heat,26,2,27.1
seville,"Seville",ES-AN,2026-10-03,moderate,shade,new-to-heat,26,0,25.5
seville,"Seville",ES-AN,2026-10-04,moderate,shade,new-to-heat,26,5,28.9
seville,"Seville",ES-AN,2026-10-05,moderate,shade,new-to-heat,26,0,24.8
seville,"Seville",ES-AN,2026-10-06,moderate,shade,new-to-heat,26,0,24.3
seville,"Seville",ES-AN,2026-09-30,heavy,sun,acclimatised,26,6,32.4
seville,"Seville",ES-AN,2026-10-01,heavy,sun,acclimatised,26,6,31.7
seville,"Seville",ES-AN,2026-10-02,heavy,sun,acclimatised,26,7,33.7
seville,"Seville",ES-AN,2026-10-03,heavy,sun,acclimatised,26,6,28.5
seville,"Seville",ES-AN,2026-10-04,heavy,sun,acclimatised,26,5,29.3
seville,"Seville",ES-AN,2026-10-05,heavy,sun,acclimatised,26,2,26.1
seville,"Seville",ES-AN,2026-10-06,heavy,sun,acclimatised,26,0,25.7
seville,"Seville",ES-AN,2026-09-30,heavy,sun,new-to-heat,22,9,32.4
seville,"Seville",ES-AN,2026-10-01,heavy,sun,new-to-heat,22,9,31.7
seville,"Seville",ES-AN,2026-10-02,heavy,sun,new-to-heat,22,9,33.7
seville,"Seville",ES-AN,2026-10-03,heavy,sun,new-to-heat,22,9,28.5
seville,"Seville",ES-AN,2026-10-04,heavy,sun,new-to-heat,22,9,29.3
seville,"Seville",ES-AN,2026-10-05,heavy,sun,new-to-heat,22,10,26.1
seville,"Seville",ES-AN,2026-10-06,heavy,sun,new-to-heat,22,9,25.7
seville,"Seville",ES-AN,2026-09-30,heavy,shade,acclimatised,26,5,30.8
seville,"Seville",ES-AN,2026-10-01,heavy,shade,acclimatised,26,0,26.0
seville,"Seville",ES-AN,2026-10-02,heavy,shade,acclimatised,26,2,27.1
seville,"Seville",ES-AN,2026-10-03,heavy,shade,acclimatised,26,0,25.5
seville,"Seville",ES-AN,2026-10-04,heavy,shade,acclimatised,26,5,28.9
seville,"Seville",ES-AN,2026-10-05,heavy,shade,acclimatised,26,0,24.8
seville,"Seville",ES-AN,2026-10-06,heavy,shade,acclimatised,26,0,24.3
seville,"Seville",ES-AN,2026-09-30,heavy,shade,new-to-heat,22,9,30.8
seville,"Seville",ES-AN,2026-10-01,heavy,shade,new-to-heat,22,8,26.0
seville,"Seville",ES-AN,2026-10-02,heavy,shade,new-to-heat,22,8,27.1
seville,"Seville",ES-AN,2026-10-03,heavy,shade,new-to-heat,22,9,25.5
seville,"Seville",ES-AN,2026-10-04,heavy,shade,new-to-heat,22,9,28.9
seville,"Seville",ES-AN,2026-10-05,heavy,shade,new-to-heat,22,10,24.8
seville,"Seville",ES-AN,2026-10-06,heavy,shade,new-to-heat,22,9,24.3
athens,"Athens",GR-A1,2026-09-30,light,sun,acclimatised,30,0,18.3
athens,"Athens",GR-A1,2026-10-01,light,sun,acclimatised,30,0,19.2
athens,"Athens",GR-A1,2026-10-02,light,sun,acclimatised,30,0,18.4
athens,"Athens",GR-A1,2026-10-03,light,sun,acclimatised,30,0,18.5
athens,"Athens",GR-A1,2026-10-04,light,sun,acclimatised,30,0,20.7
athens,"Athens",GR-A1,2026-10-05,light,sun,acclimatised,30,0,22.9
athens,"Athens",GR-A1,2026-10-06,light,sun,acclimatised,30,0,23.4
athens,"Athens",GR-A1,2026-09-30,light,sun,new-to-heat,29,0,18.3
athens,"Athens",GR-A1,2026-10-01,light,sun,new-to-heat,29,0,19.2
athens,"Athens",GR-A1,2026-10-02,light,sun,new-to-heat,29,0,18.4
athens,"Athens",GR-A1,2026-10-03,light,sun,new-to-heat,29,0,18.5
athens,"Athens",GR-A1,2026-10-04,light,sun,new-to-heat,29,0,20.7
athens,"Athens",GR-A1,2026-10-05,light,sun,new-to-heat,29,0,22.9
athens,"Athens",GR-A1,2026-10-06,light,sun,new-to-heat,29,0,23.4
athens,"Athens",GR-A1,2026-09-30,light,shade,acclimatised,30,0,18.0
athens,"Athens",GR-A1,2026-10-01,light,shade,acclimatised,30,0,17.7
athens,"Athens",GR-A1,2026-10-02,light,shade,acclimatised,30,0,17.3
athens,"Athens",GR-A1,2026-10-03,light,shade,acclimatised,30,0,17.1
athens,"Athens",GR-A1,2026-10-04,light,shade,acclimatised,30,0,18.3
athens,"Athens",GR-A1,2026-10-05,light,shade,acclimatised,30,0,19.0
athens,"Athens",GR-A1,2026-10-06,light,shade,acclimatised,30,0,19.8
athens,"Athens",GR-A1,2026-09-30,light,shade,new-to-heat,29,0,18.0
athens,"Athens",GR-A1,2026-10-01,light,shade,new-to-heat,29,0,17.7
athens,"Athens",GR-A1,2026-10-02,light,shade,new-to-heat,29,0,17.3
athens,"Athens",GR-A1,2026-10-03,light,shade,new-to-heat,29,0,17.1
athens,"Athens",GR-A1,2026-10-04,light,shade,new-to-heat,29,0,18.3
athens,"Athens",GR-A1,2026-10-05,light,shade,new-to-heat,29,0,19.0
athens,"Athens",GR-A1,2026-10-06,light,shade,new-to-heat,29,0,19.8
athens,"Athens",GR-A1,2026-09-30,moderate,sun,acclimatised,28,0,18.3
athens,"Athens",GR-A1,2026-10-01,moderate,sun,acclimatised,28,0,19.2
athens,"Athens",GR-A1,2026-10-02,moderate,sun,acclimatised,28,0,18.4
athens,"Athens",GR-A1,2026-10-03,moderate,sun,acclimatised,28,0,18.5
athens,"Athens",GR-A1,2026-10-04,moderate,sun,acclimatised,28,0,20.7
athens,"Athens",GR-A1,2026-10-05,moderate,sun,acclimatised,28,0,22.9
athens,"Athens",GR-A1,2026-10-06,moderate,sun,acclimatised,28,0,23.4
athens,"Athens",GR-A1,2026-09-30,moderate,sun,new-to-heat,26,0,18.3
athens,"Athens",GR-A1,2026-10-01,moderate,sun,new-to-heat,26,0,19.2
athens,"Athens",GR-A1,2026-10-02,moderate,sun,new-to-heat,26,0,18.4
athens,"Athens",GR-A1,2026-10-03,moderate,sun,new-to-heat,26,0,18.5
athens,"Athens",GR-A1,2026-10-04,moderate,sun,new-to-heat,26,0,20.7
athens,"Athens",GR-A1,2026-10-05,moderate,sun,new-to-heat,26,0,22.9
athens,"Athens",GR-A1,2026-10-06,moderate,sun,new-to-heat,26,0,23.4
athens,"Athens",GR-A1,2026-09-30,moderate,shade,acclimatised,28,0,18.0
athens,"Athens",GR-A1,2026-10-01,moderate,shade,acclimatised,28,0,17.7
athens,"Athens",GR-A1,2026-10-02,moderate,shade,acclimatised,28,0,17.3
athens,"Athens",GR-A1,2026-10-03,moderate,shade,acclimatised,28,0,17.1
athens,"Athens",GR-A1,2026-10-04,moderate,shade,acclimatised,28,0,18.3
athens,"Athens",GR-A1,2026-10-05,moderate,shade,acclimatised,28,0,19.0
athens,"Athens",GR-A1,2026-10-06,moderate,shade,acclimatised,28,0,19.8
athens,"Athens",GR-A1,2026-09-30,moderate,shade,new-to-heat,26,0,18.0
athens,"Athens",GR-A1,2026-10-01,moderate,shade,new-to-heat,26,0,17.7
athens,"Athens",GR-A1,2026-10-02,moderate,shade,new-to-heat,26,0,17.3
athens,"Athens",GR-A1,2026-10-03,moderate,shade,new-to-heat,26,0,17.1
athens,"Athens",GR-A1,2026-10-04,moderate,shade,new-to-heat,26,0,18.3
athens,"Athens",GR-A1,2026-10-05,moderate,shade,new-to-heat,26,0,19.0
athens,"Athens",GR-A1,2026-10-06,moderate,shade,new-to-heat,26,0,19.8
athens,"Athens",GR-A1,2026-09-30,heavy,sun,acclimatised,26,0,18.3
athens,"Athens",GR-A1,2026-10-01,heavy,sun,acclimatised,26,0,19.2
athens,"Athens",GR-A1,2026-10-02,heavy,sun,acclimatised,26,0,18.4
athens,"Athens",GR-A1,2026-10-03,heavy,sun,acclimatised,26,0,18.5
athens,"Athens",GR-A1,2026-10-04,heavy,sun,acclimatised,26,0,20.7
athens,"Athens",GR-A1,2026-10-05,heavy,sun,acclimatised,26,0,22.9
athens,"Athens",GR-A1,2026-10-06,heavy,sun,acclimatised,26,0,23.4
athens,"Athens",GR-A1,2026-09-30,heavy,sun,new-to-heat,22,0,18.3
athens,"Athens",GR-A1,2026-10-01,heavy,sun,new-to-heat,22,0,19.2
athens,"Athens",GR-A1,2026-10-02,heavy,sun,new-to-heat,22,0,18.4
athens,"Athens",GR-A1,2026-10-03,heavy,sun,new-to-heat,22,0,18.5
athens,"Athens",GR-A1,2026-10-04,heavy,sun,new-to-heat,22,0,20.7
athens,"Athens",GR-A1,2026-10-05,heavy,sun,new-to-heat,22,6,22.9
athens,"Athens",GR-A1,2026-10-06,heavy,sun,new-to-heat,22,7,23.4
athens,"Athens",GR-A1,2026-09-30,heavy,shade,acclimatised,26,0,18.0
athens,"Athens",GR-A1,2026-10-01,heavy,shade,acclimatised,26,0,17.7
athens,"Athens",GR-A1,2026-10-02,heavy,shade,acclimatised,26,0,17.3
athens,"Athens",GR-A1,2026-10-03,heavy,shade,acclimatised,26,0,17.1
athens,"Athens",GR-A1,2026-10-04,heavy,shade,acclimatised,26,0,18.3
athens,"Athens",GR-A1,2026-10-05,heavy,shade,acclimatised,26,0,19.0
athens,"Athens",GR-A1,2026-10-06,heavy,shade,acclimatised,26,0,19.8
athens,"Athens",GR-A1,2026-09-30,heavy,shade,new-to-heat,22,0,18.0
athens,"Athens",GR-A1,2026-10-01,heavy,shade,new-to-heat,22,0,17.7
athens,"Athens",GR-A1,2026-10-02,heavy,shade,new-to-heat,22,0,17.3
athens,"Athens",GR-A1,2026-10-03,heavy,shade,new-to-heat,22,0,17.1
athens,"Athens",GR-A1,2026-10-04,heavy,shade,new-to-heat,22,0,18.3
athens,"Athens",GR-A1,2026-10-05,heavy,shade,new-to-heat,22,0,19.0
athens,"Athens",GR-A1,2026-10-06,heavy,shade,new-to-heat,22,0,19.8
dubai,"Dubai",AE-DU,2026-09-30,light,sun,acclimatised,30,9,34.4
dubai,"Dubai",AE-DU,2026-10-01,light,sun,acclimatised,30,8,33.6
dubai,"Dubai",AE-DU,2026-10-02,light,sun,acclimatised,30,9,34.5
dubai,"Dubai",AE-DU,2026-10-03,light,sun,acclimatised,30,5,31.6
dubai,"Dubai",AE-DU,2026-10-04,light,sun,acclimatised,30,8,32.5
dubai,"Dubai",AE-DU,2026-10-05,light,sun,acclimatised,30,10,34.0
dubai,"Dubai",AE-DU,2026-10-06,light,sun,acclimatised,30,12,38.3
dubai,"Dubai",AE-DU,2026-09-30,light,sun,new-to-heat,29,10,34.4
dubai,"Dubai",AE-DU,2026-10-01,light,sun,new-to-heat,29,10,33.6
dubai,"Dubai",AE-DU,2026-10-02,light,sun,new-to-heat,29,11,34.5
dubai,"Dubai",AE-DU,2026-10-03,light,sun,new-to-heat,29,7,31.6
dubai,"Dubai",AE-DU,2026-10-04,light,sun,new-to-heat,29,10,32.5
dubai,"Dubai",AE-DU,2026-10-05,light,sun,new-to-heat,29,12,34.0
dubai,"Dubai",AE-DU,2026-10-06,light,sun,new-to-heat,29,14,38.3
dubai,"Dubai",AE-DU,2026-09-30,light,shade,acclimatised,30,2,30.5
dubai,"Dubai",AE-DU,2026-10-01,light,shade,acclimatised,30,1,30.1
dubai,"Dubai",AE-DU,2026-10-02,light,shade,acclimatised,30,4,30.7
dubai,"Dubai",AE-DU,2026-10-03,light,shade,acclimatised,30,0,28.4
dubai,"Dubai",AE-DU,2026-10-04,light,shade,acclimatised,30,3,30.3
dubai,"Dubai",AE-DU,2026-10-05,light,shade,acclimatised,30,9,31.4
dubai,"Dubai",AE-DU,2026-10-06,light,shade,acclimatised,30,12,33.8
dubai,"Dubai",AE-DU,2026-09-30,light,shade,new-to-heat,29,8,30.5
dubai,"Dubai",AE-DU,2026-10-01,light,shade,new-to-heat,29,7,30.1
dubai,"Dubai",AE-DU,2026-10-02,light,shade,new-to-heat,29,10,30.7
dubai,"Dubai",AE-DU,2026-10-03,light,shade,new-to-heat,29,0,28.4
dubai,"Dubai",AE-DU,2026-10-04,light,shade,new-to-heat,29,9,30.3
dubai,"Dubai",AE-DU,2026-10-05,light,shade,new-to-heat,29,11,31.4
dubai,"Dubai",AE-DU,2026-10-06,light,shade,new-to-heat,29,14,33.8
dubai,"Dubai",AE-DU,2026-09-30,moderate,sun,acclimatised,28,11,34.4
dubai,"Dubai",AE-DU,2026-10-01,moderate,sun,acclimatised,28,12,33.6
dubai,"Dubai",AE-DU,2026-10-02,moderate,sun,acclimatised,28,12,34.5
dubai,"Dubai",AE-DU,2026-10-03,moderate,sun,acclimatised,28,10,31.6
dubai,"Dubai",AE-DU,2026-10-04,moderate,sun,acclimatised,28,11,32.5
dubai,"Dubai",AE-DU,2026-10-05,moderate,sun,acclimatised,28,12,34.0
dubai,"Dubai",AE-DU,2026-10-06,moderate,sun,acclimatised,28,14,38.3
dubai,"Dubai",AE-DU,2026-09-30,moderate,sun,new-to-heat,26,12,34.4
dubai,"Dubai",AE-DU,2026-10-01,moderate,sun,new-to-heat,26,14,33.6
dubai,"Dubai",AE-DU,2026-10-02,moderate,sun,new-to-heat,26,14,34.5
dubai,"Dubai",AE-DU,2026-10-03,moderate,sun,new-to-heat,26,11,31.6
dubai,"Dubai",AE-DU,2026-10-04,moderate,sun,new-to-heat,26,12,32.5
dubai,"Dubai",AE-DU,2026-10-05,moderate,sun,new-to-heat,26,14,34.0
dubai,"Dubai",AE-DU,2026-10-06,moderate,sun,new-to-heat,26,14,38.3
dubai,"Dubai",AE-DU,2026-09-30,moderate,shade,acclimatised,28,11,30.5
dubai,"Dubai",AE-DU,2026-10-01,moderate,shade,acclimatised,28,8,30.1
dubai,"Dubai",AE-DU,2026-10-02,moderate,shade,acclimatised,28,12,30.7
dubai,"Dubai",AE-DU,2026-10-03,moderate,shade,acclimatised,28,6,28.4
dubai,"Dubai",AE-DU,2026-10-04,moderate,shade,acclimatised,28,11,30.3
dubai,"Dubai",AE-DU,2026-10-05,moderate,shade,acclimatised,28,12,31.4
dubai,"Dubai",AE-DU,2026-10-06,moderate,shade,acclimatised,28,14,33.8
dubai,"Dubai",AE-DU,2026-09-30,moderate,shade,new-to-heat,26,12,30.5
dubai,"Dubai",AE-DU,2026-10-01,moderate,shade,new-to-heat,26,14,30.1
dubai,"Dubai",AE-DU,2026-10-02,moderate,shade,new-to-heat,26,14,30.7
dubai,"Dubai",AE-DU,2026-10-03,moderate,shade,new-to-heat,26,10,28.4
dubai,"Dubai",AE-DU,2026-10-04,moderate,shade,new-to-heat,26,12,30.3
dubai,"Dubai",AE-DU,2026-10-05,moderate,shade,new-to-heat,26,14,31.4
dubai,"Dubai",AE-DU,2026-10-06,moderate,shade,new-to-heat,26,14,33.8
dubai,"Dubai",AE-DU,2026-09-30,heavy,sun,acclimatised,26,12,34.4
dubai,"Dubai",AE-DU,2026-10-01,heavy,sun,acclimatised,26,14,33.6
dubai,"Dubai",AE-DU,2026-10-02,heavy,sun,acclimatised,26,14,34.5
dubai,"Dubai",AE-DU,2026-10-03,heavy,sun,acclimatised,26,11,31.6
dubai,"Dubai",AE-DU,2026-10-04,heavy,sun,acclimatised,26,12,32.5
dubai,"Dubai",AE-DU,2026-10-05,heavy,sun,acclimatised,26,14,34.0
dubai,"Dubai",AE-DU,2026-10-06,heavy,sun,acclimatised,26,14,38.3
dubai,"Dubai",AE-DU,2026-09-30,heavy,sun,new-to-heat,22,14,34.4
dubai,"Dubai",AE-DU,2026-10-01,heavy,sun,new-to-heat,22,14,33.6
dubai,"Dubai",AE-DU,2026-10-02,heavy,sun,new-to-heat,22,14,34.5
dubai,"Dubai",AE-DU,2026-10-03,heavy,sun,new-to-heat,22,14,31.6
dubai,"Dubai",AE-DU,2026-10-04,heavy,sun,new-to-heat,22,14,32.5
dubai,"Dubai",AE-DU,2026-10-05,heavy,sun,new-to-heat,22,14,34.0
dubai,"Dubai",AE-DU,2026-10-06,heavy,sun,new-to-heat,22,14,38.3
dubai,"Dubai",AE-DU,2026-09-30,heavy,shade,acclimatised,26,12,30.5
dubai,"Dubai",AE-DU,2026-10-01,heavy,shade,acclimatised,26,14,30.1
dubai,"Dubai",AE-DU,2026-10-02,heavy,shade,acclimatised,26,14,30.7
dubai,"Dubai",AE-DU,2026-10-03,heavy,shade,acclimatised,26,10,28.4
dubai,"Dubai",AE-DU,2026-10-04,heavy,shade,acclimatised,26,12,30.3
dubai,"Dubai",AE-DU,2026-10-05,heavy,shade,acclimatised,26,14,31.4
dubai,"Dubai",AE-DU,2026-10-06,heavy,shade,acclimatised,26,14,33.8
dubai,"Dubai",AE-DU,2026-09-30,heavy,shade,new-to-heat,22,14,30.5
dubai,"Dubai",AE-DU,2026-10-01,heavy,shade,new-to-heat,22,14,30.1
dubai,"Dubai",AE-DU,2026-10-02,heavy,shade,new-to-heat,22,14,30.7
dubai,"Dubai",AE-DU,2026-10-03,heavy,shade,new-to-heat,22,14,28.4
dubai,"Dubai",AE-DU,2026-10-04,heavy,shade,new-to-heat,22,14,30.3
dubai,"Dubai",AE-DU,2026-10-05,heavy,shade,new-to-heat,22,14,31.4
dubai,"Dubai",AE-DU,2026-10-06,heavy,shade,new-to-heat,22,14,33.8
doha,"Doha",QA-DA,2026-09-30,light,sun,acclimatised,30,9,32.4
doha,"Doha",QA-DA,2026-10-01,light,sun,acclimatised,30,10,33.6
doha,"Doha",QA-DA,2026-10-02,light,sun,acclimatised,30,10,33.7
doha,"Doha",QA-DA,2026-10-03,light,sun,acclimatised,30,10,32.8
doha,"Doha",QA-DA,2026-10-04,light,sun,acclimatised,30,9,34.4
doha,"Doha",QA-DA,2026-10-05,light,sun,acclimatised,30,9,34.2
doha,"Doha",QA-DA,2026-10-06,light,sun,acclimatised,30,10,33.6
doha,"Doha",QA-DA,2026-09-30,light,sun,new-to-heat,29,11,32.4
doha,"Doha",QA-DA,2026-10-01,light,sun,new-to-heat,29,12,33.6
doha,"Doha",QA-DA,2026-10-02,light,sun,new-to-heat,29,14,33.7
doha,"Doha",QA-DA,2026-10-03,light,sun,new-to-heat,29,12,32.8
doha,"Doha",QA-DA,2026-10-04,light,sun,new-to-heat,29,11,34.4
doha,"Doha",QA-DA,2026-10-05,light,sun,new-to-heat,29,10,34.2
doha,"Doha",QA-DA,2026-10-06,light,sun,new-to-heat,29,10,33.6
doha,"Doha",QA-DA,2026-09-30,light,shade,acclimatised,30,2,30.1
doha,"Doha",QA-DA,2026-10-01,light,shade,acclimatised,30,8,31.4
doha,"Doha",QA-DA,2026-10-02,light,shade,acclimatised,30,4,32.2
doha,"Doha",QA-DA,2026-10-03,light,shade,acclimatised,30,7,30.8
doha,"Doha",QA-DA,2026-10-04,light,shade,acclimatised,30,4,31.0
doha,"Doha",QA-DA,2026-10-05,light,shade,acclimatised,30,0,29.7
doha,"Doha",QA-DA,2026-10-06,light,shade,acclimatised,30,6,30.6
doha,"Doha",QA-DA,2026-09-30,light,shade,new-to-heat,29,10,30.1
doha,"Doha",QA-DA,2026-10-01,light,shade,new-to-heat,29,12,31.4
doha,"Doha",QA-DA,2026-10-02,light,shade,new-to-heat,29,13,32.2
doha,"Doha",QA-DA,2026-10-03,light,shade,new-to-heat,29,11,30.8
doha,"Doha",QA-DA,2026-10-04,light,shade,new-to-heat,29,9,31.0
doha,"Doha",QA-DA,2026-10-05,light,shade,new-to-heat,29,4,29.7
doha,"Doha",QA-DA,2026-10-06,light,shade,new-to-heat,29,10,30.6
doha,"Doha",QA-DA,2026-09-30,moderate,sun,acclimatised,28,12,32.4
doha,"Doha",QA-DA,2026-10-01,moderate,sun,acclimatised,28,13,33.6
doha,"Doha",QA-DA,2026-10-02,moderate,sun,acclimatised,28,14,33.7
doha,"Doha",QA-DA,2026-10-03,moderate,sun,acclimatised,28,12,32.8
doha,"Doha",QA-DA,2026-10-04,moderate,sun,acclimatised,28,11,34.4
doha,"Doha",QA-DA,2026-10-05,moderate,sun,acclimatised,28,12,34.2
doha,"Doha",QA-DA,2026-10-06,moderate,sun,acclimatised,28,13,33.6
doha,"Doha",QA-DA,2026-09-30,moderate,sun,new-to-heat,26,14,32.4
doha,"Doha",QA-DA,2026-10-01,moderate,sun,new-to-heat,26,14,33.6
doha,"Doha",QA-DA,2026-10-02,moderate,sun,new-to-heat,26,14,33.7
doha,"Doha",QA-DA,2026-10-03,moderate,sun,new-to-heat,26,14,32.8
doha,"Doha",QA-DA,2026-10-04,moderate,sun,new-to-heat,26,14,34.4
doha,"Doha",QA-DA,2026-10-05,moderate,sun,new-to-heat,26,13,34.2
doha,"Doha",QA-DA,2026-10-06,moderate,sun,new-to-heat,26,14,33.6
doha,"Doha",QA-DA,2026-09-30,moderate,shade,acclimatised,28,12,30.1
doha,"Doha",QA-DA,2026-10-01,moderate,shade,acclimatised,28,13,31.4
doha,"Doha",QA-DA,2026-10-02,moderate,shade,acclimatised,28,14,32.2
doha,"Doha",QA-DA,2026-10-03,moderate,shade,acclimatised,28,12,30.8
doha,"Doha",QA-DA,2026-10-04,moderate,shade,acclimatised,28,11,31.0
doha,"Doha",QA-DA,2026-10-05,moderate,shade,acclimatised,28,10,29.7
doha,"Doha",QA-DA,2026-10-06,moderate,shade,acclimatised,28,13,30.6
doha,"Doha",QA-DA,2026-09-30,moderate,shade,new-to-heat,26,14,30.1
doha,"Doha",QA-DA,2026-10-01,moderate,shade,new-to-heat,26,14,31.4
doha,"Doha",QA-DA,2026-10-02,moderate,shade,new-to-heat,26,14,32.2
doha,"Doha",QA-DA,2026-10-03,moderate,shade,new-to-heat,26,14,30.8
doha,"Doha",QA-DA,2026-10-04,moderate,shade,new-to-heat,26,14,31.0
doha,"Doha",QA-DA,2026-10-05,moderate,shade,new-to-heat,26,12,29.7
doha,"Doha",QA-DA,2026-10-06,moderate,shade,new-to-heat,26,14,30.6
doha,"Doha",QA-DA,2026-09-30,heavy,sun,acclimatised,26,14,32.4
doha,"Doha",QA-DA,2026-10-01,heavy,sun,acclimatised,26,14,33.6
doha,"Doha",QA-DA,2026-10-02,heavy,sun,acclimatised,26,14,33.7
doha,"Doha",QA-DA,2026-10-03,heavy,sun,acclimatised,26,14,32.8
doha,"Doha",QA-DA,2026-10-04,heavy,sun,acclimatised,26,14,34.4
doha,"Doha",QA-DA,2026-10-05,heavy,sun,acclimatised,26,13,34.2
doha,"Doha",QA-DA,2026-10-06,heavy,sun,acclimatised,26,14,33.6
doha,"Doha",QA-DA,2026-09-30,heavy,sun,new-to-heat,22,14,32.4
doha,"Doha",QA-DA,2026-10-01,heavy,sun,new-to-heat,22,14,33.6
doha,"Doha",QA-DA,2026-10-02,heavy,sun,new-to-heat,22,14,33.7
doha,"Doha",QA-DA,2026-10-03,heavy,sun,new-to-heat,22,14,32.8
doha,"Doha",QA-DA,2026-10-04,heavy,sun,new-to-heat,22,14,34.4
doha,"Doha",QA-DA,2026-10-05,heavy,sun,new-to-heat,22,14,34.2
doha,"Doha",QA-DA,2026-10-06,heavy,sun,new-to-heat,22,14,33.6
doha,"Doha",QA-DA,2026-09-30,heavy,shade,acclimatised,26,14,30.1
doha,"Doha",QA-DA,2026-10-01,heavy,shade,acclimatised,26,14,31.4
doha,"Doha",QA-DA,2026-10-02,heavy,shade,acclimatised,26,14,32.2
doha,"Doha",QA-DA,2026-10-03,heavy,shade,acclimatised,26,14,30.8
doha,"Doha",QA-DA,2026-10-04,heavy,shade,acclimatised,26,14,31.0
doha,"Doha",QA-DA,2026-10-05,heavy,shade,acclimatised,26,12,29.7
doha,"Doha",QA-DA,2026-10-06,heavy,shade,acclimatised,26,14,30.6
doha,"Doha",QA-DA,2026-09-30,heavy,shade,new-to-heat,22,14,30.1
doha,"Doha",QA-DA,2026-10-01,heavy,shade,new-to-heat,22,14,31.4
doha,"Doha",QA-DA,2026-10-02,heavy,shade,new-to-heat,22,14,32.2
doha,"Doha",QA-DA,2026-10-03,heavy,shade,new-to-heat,22,14,30.8
doha,"Doha",QA-DA,2026-10-04,heavy,shade,new-to-heat,22,14,31.0
doha,"Doha",QA-DA,2026-10-05,heavy,shade,new-to-heat,22,14,29.7
doha,"Doha",QA-DA,2026-10-06,heavy,shade,new-to-heat,22,14,30.6
riyadh,"Riyadh",SA-01,2026-09-30,light,sun,acclimatised,30,0,29.6
riyadh,"Riyadh",SA-01,2026-10-01,light,sun,acclimatised,30,0,29.9
riyadh,"Riyadh",SA-01,2026-10-02,light,sun,acclimatised,30,3,31.1
riyadh,"Riyadh",SA-01,2026-10-03,light,sun,acclimatised,30,0,28.4
riyadh,"Riyadh",SA-01,2026-10-04,light,sun,acclimatised,30,1,30.1
riyadh,"Riyadh",SA-01,2026-10-05,light,sun,acclimatised,30,0,29.3
riyadh,"Riyadh",SA-01,2026-10-06,light,sun,acclimatised,30,0,28.1
riyadh,"Riyadh",SA-01,2026-09-30,light,sun,new-to-heat,29,3,29.6
riyadh,"Riyadh",SA-01,2026-10-01,light,sun,new-to-heat,29,3,29.9
riyadh,"Riyadh",SA-01,2026-10-02,light,sun,new-to-heat,29,4,31.1
riyadh,"Riyadh",SA-01,2026-10-03,light,sun,new-to-heat,29,0,28.4
riyadh,"Riyadh",SA-01,2026-10-04,light,sun,new-to-heat,29,3,30.1
riyadh,"Riyadh",SA-01,2026-10-05,light,sun,new-to-heat,29,3,29.3
riyadh,"Riyadh",SA-01,2026-10-06,light,sun,new-to-heat,29,0,28.1
riyadh,"Riyadh",SA-01,2026-09-30,light,shade,acclimatised,30,0,25.7
riyadh,"Riyadh",SA-01,2026-10-01,light,shade,acclimatised,30,0,26.3
riyadh,"Riyadh",SA-01,2026-10-02,light,shade,acclimatised,30,0,26.2
riyadh,"Riyadh",SA-01,2026-10-03,light,shade,acclimatised,30,0,25.5
riyadh,"Riyadh",SA-01,2026-10-04,light,shade,acclimatised,30,0,25.8
riyadh,"Riyadh",SA-01,2026-10-05,light,shade,acclimatised,30,0,25.2
riyadh,"Riyadh",SA-01,2026-10-06,light,shade,acclimatised,30,0,24.3
riyadh,"Riyadh",SA-01,2026-09-30,light,shade,new-to-heat,29,0,25.7
riyadh,"Riyadh",SA-01,2026-10-01,light,shade,new-to-heat,29,0,26.3
riyadh,"Riyadh",SA-01,2026-10-02,light,shade,new-to-heat,29,0,26.2
riyadh,"Riyadh",SA-01,2026-10-03,light,shade,new-to-heat,29,0,25.5
riyadh,"Riyadh",SA-01,2026-10-04,light,shade,new-to-heat,29,0,25.8
riyadh,"Riyadh",SA-01,2026-10-05,light,shade,new-to-heat,29,0,25.2
riyadh,"Riyadh",SA-01,2026-10-06,light,shade,new-to-heat,29,0,24.3
riyadh,"Riyadh",SA-01,2026-09-30,moderate,sun,acclimatised,28,7,29.6
riyadh,"Riyadh",SA-01,2026-10-01,moderate,sun,acclimatised,28,5,29.9
riyadh,"Riyadh",SA-01,2026-10-02,moderate,sun,acclimatised,28,6,31.1
riyadh,"Riyadh",SA-01,2026-10-03,moderate,sun,acclimatised,28,4,28.4
riyadh,"Riyadh",SA-01,2026-10-04,moderate,sun,acclimatised,28,5,30.1
riyadh,"Riyadh",SA-01,2026-10-05,moderate,sun,acclimatised,28,5,29.3
riyadh,"Riyadh",SA-01,2026-10-06,moderate,sun,acclimatised,28,2,28.1
riyadh,"Riyadh",SA-01,2026-09-30,moderate,sun,new-to-heat,26,9,29.6
riyadh,"Riyadh",SA-01,2026-10-01,moderate,sun,new-to-heat,26,8,29.9
riyadh,"Riyadh",SA-01,2026-10-02,moderate,sun,new-to-heat,26,8,31.1
riyadh,"Riyadh",SA-01,2026-10-03,moderate,sun,new-to-heat,26,8,28.4
riyadh,"Riyadh",SA-01,2026-10-04,moderate,sun,new-to-heat,26,8,30.1
riyadh,"Riyadh",SA-01,2026-10-05,moderate,sun,new-to-heat,26,8,29.3
riyadh,"Riyadh",SA-01,2026-10-06,moderate,sun,new-to-heat,26,8,28.1
riyadh,"Riyadh",SA-01,2026-09-30,moderate,shade,acclimatised,28,0,25.7
riyadh,"Riyadh",SA-01,2026-10-01,moderate,shade,acclimatised,28,0,26.3
riyadh,"Riyadh",SA-01,2026-10-02,moderate,shade,acclimatised,28,0,26.2
riyadh,"Riyadh",SA-01,2026-10-03,moderate,shade,acclimatised,28,0,25.5
riyadh,"Riyadh",SA-01,2026-10-04,moderate,shade,acclimatised,28,0,25.8
riyadh,"Riyadh",SA-01,2026-10-05,moderate,shade,acclimatised,28,0,25.2
riyadh,"Riyadh",SA-01,2026-10-06,moderate,shade,acclimatised,28,0,24.3
riyadh,"Riyadh",SA-01,2026-09-30,moderate,shade,new-to-heat,26,0,25.7
riyadh,"Riyadh",SA-01,2026-10-01,moderate,shade,new-to-heat,26,2,26.3
riyadh,"Riyadh",SA-01,2026-10-02,moderate,shade,new-to-heat,26,1,26.2
riyadh,"Riyadh",SA-01,2026-10-03,moderate,shade,new-to-heat,26,0,25.5
riyadh,"Riyadh",SA-01,2026-10-04,moderate,shade,new-to-heat,26,0,25.8
riyadh,"Riyadh",SA-01,2026-10-05,moderate,shade,new-to-heat,26,0,25.2
riyadh,"Riyadh",SA-01,2026-10-06,moderate,shade,new-to-heat,26,0,24.3
riyadh,"Riyadh",SA-01,2026-09-30,heavy,sun,acclimatised,26,9,29.6
riyadh,"Riyadh",SA-01,2026-10-01,heavy,sun,acclimatised,26,8,29.9
riyadh,"Riyadh",SA-01,2026-10-02,heavy,sun,acclimatised,26,8,31.1
riyadh,"Riyadh",SA-01,2026-10-03,heavy,sun,acclimatised,26,8,28.4
riyadh,"Riyadh",SA-01,2026-10-04,heavy,sun,acclimatised,26,8,30.1
riyadh,"Riyadh",SA-01,2026-10-05,heavy,sun,acclimatised,26,8,29.3
riyadh,"Riyadh",SA-01,2026-10-06,heavy,sun,acclimatised,26,8,28.1
riyadh,"Riyadh",SA-01,2026-09-30,heavy,sun,new-to-heat,22,13,29.6
riyadh,"Riyadh",SA-01,2026-10-01,heavy,sun,new-to-heat,22,12,29.9
riyadh,"Riyadh",SA-01,2026-10-02,heavy,sun,new-to-heat,22,12,31.1
riyadh,"Riyadh",SA-01,2026-10-03,heavy,sun,new-to-heat,22,13,28.4
riyadh,"Riyadh",SA-01,2026-10-04,heavy,sun,new-to-heat,22,12,30.1
riyadh,"Riyadh",SA-01,2026-10-05,heavy,sun,new-to-heat,22,12,29.3
riyadh,"Riyadh",SA-01,2026-10-06,heavy,sun,new-to-heat,22,13,28.1
riyadh,"Riyadh",SA-01,2026-09-30,heavy,shade,acclimatised,26,0,25.7
riyadh,"Riyadh",SA-01,2026-10-01,heavy,shade,acclimatised,26,2,26.3
riyadh,"Riyadh",SA-01,2026-10-02,heavy,shade,acclimatised,26,1,26.2
riyadh,"Riyadh",SA-01,2026-10-03,heavy,shade,acclimatised,26,0,25.5
riyadh,"Riyadh",SA-01,2026-10-04,heavy,shade,acclimatised,26,0,25.8
riyadh,"Riyadh",SA-01,2026-10-05,heavy,shade,acclimatised,26,0,25.2
riyadh,"Riyadh",SA-01,2026-10-06,heavy,shade,acclimatised,26,0,24.3
riyadh,"Riyadh",SA-01,2026-09-30,heavy,shade,new-to-heat,22,12,25.7
riyadh,"Riyadh",SA-01,2026-10-01,heavy,shade,new-to-heat,22,12,26.3
riyadh,"Riyadh",SA-01,2026-10-02,heavy,shade,new-to-heat,22,12,26.2
riyadh,"Riyadh",SA-01,2026-10-03,heavy,shade,new-to-heat,22,13,25.5
riyadh,"Riyadh",SA-01,2026-10-04,heavy,shade,new-to-heat,22,12,25.8
riyadh,"Riyadh",SA-01,2026-10-05,heavy,shade,new-to-heat,22,11,25.2
riyadh,"Riyadh",SA-01,2026-10-06,heavy,shade,new-to-heat,22,13,24.3
houston,"Houston",US-TX,2026-09-30,light,sun,acclimatised,30,5,30.8
houston,"Houston",US-TX,2026-10-01,light,sun,acclimatised,30,1,32.6
houston,"Houston",US-TX,2026-10-02,light,sun,acclimatised,30,1,30.1
houston,"Houston",US-TX,2026-10-03,light,sun,acclimatised,30,0,28.7
houston,"Houston",US-TX,2026-10-04,light,sun,acclimatised,30,0,26.7
houston,"Houston",US-TX,2026-10-05,light,sun,acclimatised,30,0,25.2
houston,"Houston",US-TX,2026-10-06,light,sun,acclimatised,30,0,23.6
houston,"Houston",US-TX,2026-09-30,light,sun,new-to-heat,29,7,30.8
houston,"Houston",US-TX,2026-10-01,light,sun,new-to-heat,29,1,32.6
houston,"Houston",US-TX,2026-10-02,light,sun,new-to-heat,29,4,30.1
houston,"Houston",US-TX,2026-10-03,light,sun,new-to-heat,29,0,28.7
houston,"Houston",US-TX,2026-10-04,light,sun,new-to-heat,29,0,26.7
houston,"Houston",US-TX,2026-10-05,light,sun,new-to-heat,29,0,25.2
houston,"Houston",US-TX,2026-10-06,light,sun,new-to-heat,29,0,23.6
houston,"Houston",US-TX,2026-09-30,light,shade,acclimatised,30,0,28.9
houston,"Houston",US-TX,2026-10-01,light,shade,acclimatised,30,1,30.5
houston,"Houston",US-TX,2026-10-02,light,shade,acclimatised,30,0,28.8
houston,"Houston",US-TX,2026-10-03,light,shade,acclimatised,30,0,27.1
houston,"Houston",US-TX,2026-10-04,light,shade,acclimatised,30,0,25.3
houston,"Houston",US-TX,2026-10-05,light,shade,acclimatised,30,0,22.6
houston,"Houston",US-TX,2026-10-06,light,shade,acclimatised,30,0,20.3
houston,"Houston",US-TX,2026-09-30,light,shade,new-to-heat,29,0,28.9
houston,"Houston",US-TX,2026-10-01,light,shade,new-to-heat,29,1,30.5
houston,"Houston",US-TX,2026-10-02,light,shade,new-to-heat,29,0,28.8
houston,"Houston",US-TX,2026-10-03,light,shade,new-to-heat,29,0,27.1
houston,"Houston",US-TX,2026-10-04,light,shade,new-to-heat,29,0,25.3
houston,"Houston",US-TX,2026-10-05,light,shade,new-to-heat,29,0,22.6
houston,"Houston",US-TX,2026-10-06,light,shade,new-to-heat,29,0,20.3
houston,"Houston",US-TX,2026-09-30,moderate,sun,acclimatised,28,7,30.8
houston,"Houston",US-TX,2026-10-01,moderate,sun,acclimatised,28,4,32.6
houston,"Houston",US-TX,2026-10-02,moderate,sun,acclimatised,28,7,30.1
houston,"Houston",US-TX,2026-10-03,moderate,sun,acclimatised,28,2,28.7
houston,"Houston",US-TX,2026-10-04,moderate,sun,acclimatised,28,0,26.7
houston,"Houston",US-TX,2026-10-05,moderate,sun,acclimatised,28,0,25.2
houston,"Houston",US-TX,2026-10-06,moderate,sun,acclimatised,28,0,23.6
houston,"Houston",US-TX,2026-09-30,moderate,sun,new-to-heat,26,9,30.8
houston,"Houston",US-TX,2026-10-01,moderate,sun,new-to-heat,26,7,32.6
houston,"Houston",US-TX,2026-10-02,moderate,sun,new-to-heat,26,10,30.1
houston,"Houston",US-TX,2026-10-03,moderate,sun,new-to-heat,26,7,28.7
houston,"Houston",US-TX,2026-10-04,moderate,sun,new-to-heat,26,5,26.7
houston,"Houston",US-TX,2026-10-05,moderate,sun,new-to-heat,26,0,25.2
houston,"Houston",US-TX,2026-10-06,moderate,sun,new-to-heat,26,0,23.6
houston,"Houston",US-TX,2026-09-30,moderate,shade,acclimatised,28,3,28.9
houston,"Houston",US-TX,2026-10-01,moderate,shade,acclimatised,28,3,30.5
houston,"Houston",US-TX,2026-10-02,moderate,shade,acclimatised,28,4,28.8
houston,"Houston",US-TX,2026-10-03,moderate,shade,acclimatised,28,0,27.1
houston,"Houston",US-TX,2026-10-04,moderate,shade,acclimatised,28,0,25.3
houston,"Houston",US-TX,2026-10-05,moderate,shade,acclimatised,28,0,22.6
houston,"Houston",US-TX,2026-10-06,moderate,shade,acclimatised,28,0,20.3
houston,"Houston",US-TX,2026-09-30,moderate,shade,new-to-heat,26,9,28.9
houston,"Houston",US-TX,2026-10-01,moderate,shade,new-to-heat,26,6,30.5
houston,"Houston",US-TX,2026-10-02,moderate,shade,new-to-heat,26,8,28.8
houston,"Houston",US-TX,2026-10-03,moderate,shade,new-to-heat,26,4,27.1
houston,"Houston",US-TX,2026-10-04,moderate,shade,new-to-heat,26,0,25.3
houston,"Houston",US-TX,2026-10-05,moderate,shade,new-to-heat,26,0,22.6
houston,"Houston",US-TX,2026-10-06,moderate,shade,new-to-heat,26,0,20.3
houston,"Houston",US-TX,2026-09-30,heavy,sun,acclimatised,26,9,30.8
houston,"Houston",US-TX,2026-10-01,heavy,sun,acclimatised,26,7,32.6
houston,"Houston",US-TX,2026-10-02,heavy,sun,acclimatised,26,10,30.1
houston,"Houston",US-TX,2026-10-03,heavy,sun,acclimatised,26,7,28.7
houston,"Houston",US-TX,2026-10-04,heavy,sun,acclimatised,26,5,26.7
houston,"Houston",US-TX,2026-10-05,heavy,sun,acclimatised,26,0,25.2
houston,"Houston",US-TX,2026-10-06,heavy,sun,acclimatised,26,0,23.6
houston,"Houston",US-TX,2026-09-30,heavy,sun,new-to-heat,22,14,30.8
houston,"Houston",US-TX,2026-10-01,heavy,sun,new-to-heat,22,14,32.6
houston,"Houston",US-TX,2026-10-02,heavy,sun,new-to-heat,22,14,30.1
houston,"Houston",US-TX,2026-10-03,heavy,sun,new-to-heat,22,14,28.7
houston,"Houston",US-TX,2026-10-04,heavy,sun,new-to-heat,22,14,26.7
houston,"Houston",US-TX,2026-10-05,heavy,sun,new-to-heat,22,10,25.2
houston,"Houston",US-TX,2026-10-06,heavy,sun,new-to-heat,22,6,23.6
houston,"Houston",US-TX,2026-09-30,heavy,shade,acclimatised,26,9,28.9
houston,"Houston",US-TX,2026-10-01,heavy,shade,acclimatised,26,6,30.5
houston,"Houston",US-TX,2026-10-02,heavy,shade,acclimatised,26,8,28.8
houston,"Houston",US-TX,2026-10-03,heavy,shade,acclimatised,26,4,27.1
houston,"Houston",US-TX,2026-10-04,heavy,shade,acclimatised,26,0,25.3
houston,"Houston",US-TX,2026-10-05,heavy,shade,acclimatised,26,0,22.6
houston,"Houston",US-TX,2026-10-06,heavy,shade,acclimatised,26,0,20.3
houston,"Houston",US-TX,2026-09-30,heavy,shade,new-to-heat,22,14,28.9
houston,"Houston",US-TX,2026-10-01,heavy,shade,new-to-heat,22,14,30.5
houston,"Houston",US-TX,2026-10-02,heavy,shade,new-to-heat,22,14,28.8
houston,"Houston",US-TX,2026-10-03,heavy,shade,new-to-heat,22,14,27.1
houston,"Houston",US-TX,2026-10-04,heavy,shade,new-to-heat,22,14,25.3
houston,"Houston",US-TX,2026-10-05,heavy,shade,new-to-heat,22,4,22.6
houston,"Houston",US-TX,2026-10-06,heavy,shade,new-to-heat,22,0,20.3
fresno,"Fresno",US-CA,2026-09-30,light,sun,acclimatised,30,1,30.4
fresno,"Fresno",US-CA,2026-10-01,light,sun,acclimatised,30,0,29.1
fresno,"Fresno",US-CA,2026-10-02,light,sun,acclimatised,30,0,28.9
fresno,"Fresno",US-CA,2026-10-03,light,sun,acclimatised,30,0,29.7
fresno,"Fresno",US-CA,2026-10-04,light,sun,acclimatised,30,1,31.4
fresno,"Fresno",US-CA,2026-10-05,light,sun,acclimatised,30,1,30.7
fresno,"Fresno",US-CA,2026-10-06,light,sun,acclimatised,30,1,31.1
fresno,"Fresno",US-CA,2026-09-30,light,sun,new-to-heat,29,3,30.4
fresno,"Fresno",US-CA,2026-10-01,light,sun,new-to-heat,29,1,29.1
fresno,"Fresno",US-CA,2026-10-02,light,sun,new-to-heat,29,0,28.9
fresno,"Fresno",US-CA,2026-10-03,light,sun,new-to-heat,29,1,29.7
fresno,"Fresno",US-CA,2026-10-04,light,sun,new-to-heat,29,2,31.4
fresno,"Fresno",US-CA,2026-10-05,light,sun,new-to-heat,29,2,30.7
fresno,"Fresno",US-CA,2026-10-06,light,sun,new-to-heat,29,1,31.1
fresno,"Fresno",US-CA,2026-09-30,light,shade,acclimatised,30,0,24.0
fresno,"Fresno",US-CA,2026-10-01,light,shade,acclimatised,30,0,24.2
fresno,"Fresno",US-CA,2026-10-02,light,shade,acclimatised,30,0,24.0
fresno,"Fresno",US-CA,2026-10-03,light,shade,acclimatised,30,0,23.9
fresno,"Fresno",US-CA,2026-10-04,light,shade,acclimatised,30,0,23.8
fresno,"Fresno",US-CA,2026-10-05,light,shade,acclimatised,30,0,23.6
fresno,"Fresno",US-CA,2026-10-06,light,shade,acclimatised,30,0,24.1
fresno,"Fresno",US-CA,2026-09-30,light,shade,new-to-heat,29,0,24.0
fresno,"Fresno",US-CA,2026-10-01,light,shade,new-to-heat,29,0,24.2
fresno,"Fresno",US-CA,2026-10-02,light,shade,new-to-heat,29,0,24.0
fresno,"Fresno",US-CA,2026-10-03,light,shade,new-to-heat,29,0,23.9
fresno,"Fresno",US-CA,2026-10-04,light,shade,new-to-heat,29,0,23.8
fresno,"Fresno",US-CA,2026-10-05,light,shade,new-to-heat,29,0,23.6
fresno,"Fresno",US-CA,2026-10-06,light,shade,new-to-heat,29,0,24.1
fresno,"Fresno",US-CA,2026-09-30,moderate,sun,acclimatised,28,5,30.4
fresno,"Fresno",US-CA,2026-10-01,moderate,sun,acclimatised,28,4,29.1
fresno,"Fresno",US-CA,2026-10-02,moderate,sun,acclimatised,28,3,28.9
fresno,"Fresno",US-CA,2026-10-03,moderate,sun,acclimatised,28,2,29.7
fresno,"Fresno",US-CA,2026-10-04,moderate,sun,acclimatised,28,5,31.4
fresno,"Fresno",US-CA,2026-10-05,moderate,sun,acclimatised,28,2,30.7
fresno,"Fresno",US-CA,2026-10-06,moderate,sun,acclimatised,28,2,31.1
fresno,"Fresno",US-CA,2026-09-30,moderate,sun,new-to-heat,26,6,30.4
fresno,"Fresno",US-CA,2026-10-01,moderate,sun,new-to-heat,26,6,29.1
fresno,"Fresno",US-CA,2026-10-02,moderate,sun,new-to-heat,26,6,28.9
fresno,"Fresno",US-CA,2026-10-03,moderate,sun,new-to-heat,26,5,29.7
fresno,"Fresno",US-CA,2026-10-04,moderate,sun,new-to-heat,26,8,31.4
fresno,"Fresno",US-CA,2026-10-05,moderate,sun,new-to-heat,26,6,30.7
fresno,"Fresno",US-CA,2026-10-06,moderate,sun,new-to-heat,26,7,31.1
fresno,"Fresno",US-CA,2026-09-30,moderate,shade,acclimatised,28,0,24.0
fresno,"Fresno",US-CA,2026-10-01,moderate,shade,acclimatised,28,0,24.2
fresno,"Fresno",US-CA,2026-10-02,moderate,shade,acclimatised,28,0,24.0
fresno,"Fresno",US-CA,2026-10-03,moderate,shade,acclimatised,28,0,23.9
fresno,"Fresno",US-CA,2026-10-04,moderate,shade,acclimatised,28,0,23.8
fresno,"Fresno",US-CA,2026-10-05,moderate,shade,acclimatised,28,0,23.6
fresno,"Fresno",US-CA,2026-10-06,moderate,shade,acclimatised,28,0,24.1
fresno,"Fresno",US-CA,2026-09-30,moderate,shade,new-to-heat,26,0,24.0
fresno,"Fresno",US-CA,2026-10-01,moderate,shade,new-to-heat,26,0,24.2
fresno,"Fresno",US-CA,2026-10-02,moderate,shade,new-to-heat,26,0,24.0
fresno,"Fresno",US-CA,2026-10-03,moderate,shade,new-to-heat,26,0,23.9
fresno,"Fresno",US-CA,2026-10-04,moderate,shade,new-to-heat,26,0,23.8
fresno,"Fresno",US-CA,2026-10-05,moderate,shade,new-to-heat,26,0,23.6
fresno,"Fresno",US-CA,2026-10-06,moderate,shade,new-to-heat,26,0,24.1
fresno,"Fresno",US-CA,2026-09-30,heavy,sun,acclimatised,26,6,30.4
fresno,"Fresno",US-CA,2026-10-01,heavy,sun,acclimatised,26,6,29.1
fresno,"Fresno",US-CA,2026-10-02,heavy,sun,acclimatised,26,6,28.9
fresno,"Fresno",US-CA,2026-10-03,heavy,sun,acclimatised,26,5,29.7
fresno,"Fresno",US-CA,2026-10-04,heavy,sun,acclimatised,26,8,31.4
fresno,"Fresno",US-CA,2026-10-05,heavy,sun,acclimatised,26,6,30.7
fresno,"Fresno",US-CA,2026-10-06,heavy,sun,acclimatised,26,7,31.1
fresno,"Fresno",US-CA,2026-09-30,heavy,sun,new-to-heat,22,9,30.4
fresno,"Fresno",US-CA,2026-10-01,heavy,sun,new-to-heat,22,9,29.1
fresno,"Fresno",US-CA,2026-10-02,heavy,sun,new-to-heat,22,9,28.9
fresno,"Fresno",US-CA,2026-10-03,heavy,sun,new-to-heat,22,8,29.7
fresno,"Fresno",US-CA,2026-10-04,heavy,sun,new-to-heat,22,9,31.4
fresno,"Fresno",US-CA,2026-10-05,heavy,sun,new-to-heat,22,9,30.7
fresno,"Fresno",US-CA,2026-10-06,heavy,sun,new-to-heat,22,9,31.1
fresno,"Fresno",US-CA,2026-09-30,heavy,shade,acclimatised,26,0,24.0
fresno,"Fresno",US-CA,2026-10-01,heavy,shade,acclimatised,26,0,24.2
fresno,"Fresno",US-CA,2026-10-02,heavy,shade,acclimatised,26,0,24.0
fresno,"Fresno",US-CA,2026-10-03,heavy,shade,acclimatised,26,0,23.9
fresno,"Fresno",US-CA,2026-10-04,heavy,shade,acclimatised,26,0,23.8
fresno,"Fresno",US-CA,2026-10-05,heavy,shade,acclimatised,26,0,23.6
fresno,"Fresno",US-CA,2026-10-06,heavy,shade,acclimatised,26,0,24.1
fresno,"Fresno",US-CA,2026-09-30,heavy,shade,new-to-heat,22,6,24.0
fresno,"Fresno",US-CA,2026-10-01,heavy,shade,new-to-heat,22,6,24.2
fresno,"Fresno",US-CA,2026-10-02,heavy,shade,new-to-heat,22,6,24.0
fresno,"Fresno",US-CA,2026-10-03,heavy,shade,new-to-heat,22,6,23.9
fresno,"Fresno",US-CA,2026-10-04,heavy,shade,new-to-heat,22,7,23.8
fresno,"Fresno",US-CA,2026-10-05,heavy,shade,new-to-heat,22,7,23.6
fresno,"Fresno",US-CA,2026-10-06,heavy,shade,new-to-heat,22,7,24.1
singapore,"Singapore",SG-01,2026-09-30,light,sun,acclimatised,30,7,33.2
singapore,"Singapore",SG-01,2026-10-01,light,sun,acclimatised,30,4,33.0
singapore,"Singapore",SG-01,2026-10-02,light,sun,acclimatised,30,8,32.7
singapore,"Singapore",SG-01,2026-10-03,light,sun,acclimatised,30,7,32.3
singapore,"Singapore",SG-01,2026-10-04,light,sun,acclimatised,30,6,31.2
singapore,"Singapore",SG-01,2026-10-05,light,sun,acclimatised,30,5,31.0
singapore,"Singapore",SG-01,2026-10-06,light,sun,acclimatised,30,7,31.5
singapore,"Singapore",SG-01,2026-09-30,light,sun,new-to-heat,29,7,33.2
singapore,"Singapore",SG-01,2026-10-01,light,sun,new-to-heat,29,6,33.0
singapore,"Singapore",SG-01,2026-10-02,light,sun,new-to-heat,29,8,32.7
singapore,"Singapore",SG-01,2026-10-03,light,sun,new-to-heat,29,9,32.3
singapore,"Singapore",SG-01,2026-10-04,light,sun,new-to-heat,29,8,31.2
singapore,"Singapore",SG-01,2026-10-05,light,sun,new-to-heat,29,7,31.0
singapore,"Singapore",SG-01,2026-10-06,light,sun,new-to-heat,29,9,31.5
singapore,"Singapore",SG-01,2026-09-30,light,shade,acclimatised,30,1,30.0
singapore,"Singapore",SG-01,2026-10-01,light,shade,acclimatised,30,0,29.9
singapore,"Singapore",SG-01,2026-10-02,light,shade,acclimatised,30,0,29.4
singapore,"Singapore",SG-01,2026-10-03,light,shade,acclimatised,30,0,29.9
singapore,"Singapore",SG-01,2026-10-04,light,shade,acclimatised,30,0,29.3
singapore,"Singapore",SG-01,2026-10-05,light,shade,acclimatised,30,0,28.8
singapore,"Singapore",SG-01,2026-10-06,light,shade,acclimatised,30,0,29.1
singapore,"Singapore",SG-01,2026-09-30,light,shade,new-to-heat,29,4,30.0
singapore,"Singapore",SG-01,2026-10-01,light,shade,new-to-heat,29,3,29.9
singapore,"Singapore",SG-01,2026-10-02,light,shade,new-to-heat,29,4,29.4
singapore,"Singapore",SG-01,2026-10-03,light,shade,new-to-heat,29,3,29.9
singapore,"Singapore",SG-01,2026-10-04,light,shade,new-to-heat,29,4,29.3
singapore,"Singapore",SG-01,2026-10-05,light,shade,new-to-heat,29,0,28.8
singapore,"Singapore",SG-01,2026-10-06,light,shade,new-to-heat,29,1,29.1
singapore,"Singapore",SG-01,2026-09-30,moderate,sun,acclimatised,28,8,33.2
singapore,"Singapore",SG-01,2026-10-01,moderate,sun,acclimatised,28,8,33.0
singapore,"Singapore",SG-01,2026-10-02,moderate,sun,acclimatised,28,10,32.7
singapore,"Singapore",SG-01,2026-10-03,moderate,sun,acclimatised,28,10,32.3
singapore,"Singapore",SG-01,2026-10-04,moderate,sun,acclimatised,28,9,31.2
singapore,"Singapore",SG-01,2026-10-05,moderate,sun,acclimatised,28,9,31.0
singapore,"Singapore",SG-01,2026-10-06,moderate,sun,acclimatised,28,9,31.5
singapore,"Singapore",SG-01,2026-09-30,moderate,sun,new-to-heat,26,9,33.2
singapore,"Singapore",SG-01,2026-10-01,moderate,sun,new-to-heat,26,10,33.0
singapore,"Singapore",SG-01,2026-10-02,moderate,sun,new-to-heat,26,10,32.7
singapore,"Singapore",SG-01,2026-10-03,moderate,sun,new-to-heat,26,10,32.3
singapore,"Singapore",SG-01,2026-10-04,moderate,sun,new-to-heat,26,10,31.2
singapore,"Singapore",SG-01,2026-10-05,moderate,sun,new-to-heat,26,10,31.0
singapore,"Singapore",SG-01,2026-10-06,moderate,sun,new-to-heat,26,10,31.5
singapore,"Singapore",SG-01,2026-09-30,moderate,shade,acclimatised,28,7,30.0
singapore,"Singapore",SG-01,2026-10-01,moderate,shade,acclimatised,28,6,29.9
singapore,"Singapore",SG-01,2026-10-02,moderate,shade,acclimatised,28,8,29.4
singapore,"Singapore",SG-01,2026-10-03,moderate,shade,acclimatised,28,7,29.9
singapore,"Singapore",SG-01,2026-10-04,moderate,shade,acclimatised,28,7,29.3
singapore,"Singapore",SG-01,2026-10-05,moderate,shade,acclimatised,28,7,28.8
singapore,"Singapore",SG-01,2026-10-06,moderate,shade,acclimatised,28,6,29.1
singapore,"Singapore",SG-01,2026-09-30,moderate,shade,new-to-heat,26,9,30.0
singapore,"Singapore",SG-01,2026-10-01,moderate,shade,new-to-heat,26,10,29.9
singapore,"Singapore",SG-01,2026-10-02,moderate,shade,new-to-heat,26,10,29.4
singapore,"Singapore",SG-01,2026-10-03,moderate,shade,new-to-heat,26,10,29.9
singapore,"Singapore",SG-01,2026-10-04,moderate,shade,new-to-heat,26,10,29.3
singapore,"Singapore",SG-01,2026-10-05,moderate,shade,new-to-heat,26,10,28.8
singapore,"Singapore",SG-01,2026-10-06,moderate,shade,new-to-heat,26,9,29.1
singapore,"Singapore",SG-01,2026-09-30,heavy,sun,acclimatised,26,9,33.2
singapore,"Singapore",SG-01,2026-10-01,heavy,sun,acclimatised,26,10,33.0
singapore,"Singapore",SG-01,2026-10-02,heavy,sun,acclimatised,26,10,32.7
singapore,"Singapore",SG-01,2026-10-03,heavy,sun,acclimatised,26,10,32.3
singapore,"Singapore",SG-01,2026-10-04,heavy,sun,acclimatised,26,10,31.2
singapore,"Singapore",SG-01,2026-10-05,heavy,sun,acclimatised,26,10,31.0
singapore,"Singapore",SG-01,2026-10-06,heavy,sun,acclimatised,26,10,31.5
singapore,"Singapore",SG-01,2026-09-30,heavy,sun,new-to-heat,22,14,33.2
singapore,"Singapore",SG-01,2026-10-01,heavy,sun,new-to-heat,22,14,33.0
singapore,"Singapore",SG-01,2026-10-02,heavy,sun,new-to-heat,22,14,32.7
singapore,"Singapore",SG-01,2026-10-03,heavy,sun,new-to-heat,22,14,32.3
singapore,"Singapore",SG-01,2026-10-04,heavy,sun,new-to-heat,22,14,31.2
singapore,"Singapore",SG-01,2026-10-05,heavy,sun,new-to-heat,22,14,31.0
singapore,"Singapore",SG-01,2026-10-06,heavy,sun,new-to-heat,22,14,31.5
singapore,"Singapore",SG-01,2026-09-30,heavy,shade,acclimatised,26,9,30.0
singapore,"Singapore",SG-01,2026-10-01,heavy,shade,acclimatised,26,10,29.9
singapore,"Singapore",SG-01,2026-10-02,heavy,shade,acclimatised,26,10,29.4
singapore,"Singapore",SG-01,2026-10-03,heavy,shade,acclimatised,26,10,29.9
singapore,"Singapore",SG-01,2026-10-04,heavy,shade,acclimatised,26,10,29.3
singapore,"Singapore",SG-01,2026-10-05,heavy,shade,acclimatised,26,10,28.8
singapore,"Singapore",SG-01,2026-10-06,heavy,shade,acclimatised,26,9,29.1
singapore,"Singapore",SG-01,2026-09-30,heavy,shade,new-to-heat,22,14,30.0
singapore,"Singapore",SG-01,2026-10-01,heavy,shade,new-to-heat,22,14,29.9
singapore,"Singapore",SG-01,2026-10-02,heavy,shade,new-to-heat,22,14,29.4
singapore,"Singapore",SG-01,2026-10-03,heavy,shade,new-to-heat,22,14,29.9
singapore,"Singapore",SG-01,2026-10-04,heavy,shade,new-to-heat,22,14,29.3
singapore,"Singapore",SG-01,2026-10-05,heavy,shade,new-to-heat,22,14,28.8
singapore,"Singapore",SG-01,2026-10-06,heavy,shade,new-to-heat,22,14,29.1
delhi,"Delhi",IN-DL,2026-09-30,light,sun,acclimatised,30,0,29.7
delhi,"Delhi",IN-DL,2026-10-01,light,sun,acclimatised,30,2,30.3
delhi,"Delhi",IN-DL,2026-10-02,light,sun,acclimatised,30,0,29.6
delhi,"Delhi",IN-DL,2026-10-03,light,sun,acclimatised,30,0,28.8
delhi,"Delhi",IN-DL,2026-10-04,light,sun,acclimatised,30,1,30.2
delhi,"Delhi",IN-DL,2026-10-05,light,sun,acclimatised,30,4,31.4
delhi,"Delhi",IN-DL,2026-10-06,light,sun,acclimatised,30,6,32.6
delhi,"Delhi",IN-DL,2026-09-30,light,sun,new-to-heat,29,4,29.7
delhi,"Delhi",IN-DL,2026-10-01,light,sun,new-to-heat,29,4,30.3
delhi,"Delhi",IN-DL,2026-10-02,light,sun,new-to-heat,29,3,29.6
delhi,"Delhi",IN-DL,2026-10-03,light,sun,new-to-heat,29,0,28.8
delhi,"Delhi",IN-DL,2026-10-04,light,sun,new-to-heat,29,5,30.2
delhi,"Delhi",IN-DL,2026-10-05,light,sun,new-to-heat,29,6,31.4
delhi,"Delhi",IN-DL,2026-10-06,light,sun,new-to-heat,29,7,32.6
delhi,"Delhi",IN-DL,2026-09-30,light,shade,acclimatised,30,0,27.2
delhi,"Delhi",IN-DL,2026-10-01,light,shade,acclimatised,30,0,27.5
delhi,"Delhi",IN-DL,2026-10-02,light,shade,acclimatised,30,0,26.7
delhi,"Delhi",IN-DL,2026-10-03,light,shade,acclimatised,30,0,26.2
delhi,"Delhi",IN-DL,2026-10-04,light,shade,acclimatised,30,0,27.3
delhi,"Delhi",IN-DL,2026-10-05,light,shade,acclimatised,30,0,28.4
delhi,"Delhi",IN-DL,2026-10-06,light,shade,acclimatised,30,0,29.9
delhi,"Delhi",IN-DL,2026-09-30,light,shade,new-to-heat,29,0,27.2
delhi,"Delhi",IN-DL,2026-10-01,light,shade,new-to-heat,29,0,27.5
delhi,"Delhi",IN-DL,2026-10-02,light,shade,new-to-heat,29,0,26.7
delhi,"Delhi",IN-DL,2026-10-03,light,shade,new-to-heat,29,0,26.2
delhi,"Delhi",IN-DL,2026-10-04,light,shade,new-to-heat,29,0,27.3
delhi,"Delhi",IN-DL,2026-10-05,light,shade,new-to-heat,29,0,28.4
delhi,"Delhi",IN-DL,2026-10-06,light,shade,new-to-heat,29,3,29.9
delhi,"Delhi",IN-DL,2026-09-30,moderate,sun,acclimatised,28,7,29.7
delhi,"Delhi",IN-DL,2026-10-01,moderate,sun,acclimatised,28,7,30.3
delhi,"Delhi",IN-DL,2026-10-02,moderate,sun,acclimatised,28,6,29.6
delhi,"Delhi",IN-DL,2026-10-03,moderate,sun,acclimatised,28,5,28.8
delhi,"Delhi",IN-DL,2026-10-04,moderate,sun,acclimatised,28,6,30.2
delhi,"Delhi",IN-DL,2026-10-05,moderate,sun,acclimatised,28,7,31.4
delhi,"Delhi",IN-DL,2026-10-06,moderate,sun,acclimatised,28,9,32.6
delhi,"Delhi",IN-DL,2026-09-30,moderate,sun,new-to-heat,26,10,29.7
delhi,"Delhi",IN-DL,2026-10-01,moderate,sun,new-to-heat,26,10,30.3
delhi,"Delhi",IN-DL,2026-10-02,moderate,sun,new-to-heat,26,9,29.6
delhi,"Delhi",IN-DL,2026-10-03,moderate,sun,new-to-heat,26,9,28.8
delhi,"Delhi",IN-DL,2026-10-04,moderate,sun,new-to-heat,26,8,30.2
delhi,"Delhi",IN-DL,2026-10-05,moderate,sun,new-to-heat,26,9,31.4
delhi,"Delhi",IN-DL,2026-10-06,moderate,sun,new-to-heat,26,11,32.6
delhi,"Delhi",IN-DL,2026-09-30,moderate,shade,acclimatised,28,0,27.2
delhi,"Delhi",IN-DL,2026-10-01,moderate,shade,acclimatised,28,0,27.5
delhi,"Delhi",IN-DL,2026-10-02,moderate,shade,acclimatised,28,0,26.7
delhi,"Delhi",IN-DL,2026-10-03,moderate,shade,acclimatised,28,0,26.2
delhi,"Delhi",IN-DL,2026-10-04,moderate,shade,acclimatised,28,0,27.3
delhi,"Delhi",IN-DL,2026-10-05,moderate,shade,acclimatised,28,3,28.4
delhi,"Delhi",IN-DL,2026-10-06,moderate,shade,acclimatised,28,5,29.9
delhi,"Delhi",IN-DL,2026-09-30,moderate,shade,new-to-heat,26,8,27.2
delhi,"Delhi",IN-DL,2026-10-01,moderate,shade,new-to-heat,26,8,27.5
delhi,"Delhi",IN-DL,2026-10-02,moderate,shade,new-to-heat,26,5,26.7
delhi,"Delhi",IN-DL,2026-10-03,moderate,shade,new-to-heat,26,3,26.2
delhi,"Delhi",IN-DL,2026-10-04,moderate,shade,new-to-heat,26,6,27.3
delhi,"Delhi",IN-DL,2026-10-05,moderate,shade,new-to-heat,26,8,28.4
delhi,"Delhi",IN-DL,2026-10-06,moderate,shade,new-to-heat,26,10,29.9
delhi,"Delhi",IN-DL,2026-09-30,heavy,sun,acclimatised,26,10,29.7
delhi,"Delhi",IN-DL,2026-10-01,heavy,sun,acclimatised,26,10,30.3
delhi,"Delhi",IN-DL,2026-10-02,heavy,sun,acclimatised,26,9,29.6
delhi,"Delhi",IN-DL,2026-10-03,heavy,sun,acclimatised,26,9,28.8
delhi,"Delhi",IN-DL,2026-10-04,heavy,sun,acclimatised,26,8,30.2
delhi,"Delhi",IN-DL,2026-10-05,heavy,sun,acclimatised,26,9,31.4
delhi,"Delhi",IN-DL,2026-10-06,heavy,sun,acclimatised,26,11,32.6
delhi,"Delhi",IN-DL,2026-09-30,heavy,sun,new-to-heat,22,13,29.7
delhi,"Delhi",IN-DL,2026-10-01,heavy,sun,new-to-heat,22,13,30.3
delhi,"Delhi",IN-DL,2026-10-02,heavy,sun,new-to-heat,22,13,29.6
delhi,"Delhi",IN-DL,2026-10-03,heavy,sun,new-to-heat,22,12,28.8
delhi,"Delhi",IN-DL,2026-10-04,heavy,sun,new-to-heat,22,12,30.2
delhi,"Delhi",IN-DL,2026-10-05,heavy,sun,new-to-heat,22,13,31.4
delhi,"Delhi",IN-DL,2026-10-06,heavy,sun,new-to-heat,22,14,32.6
delhi,"Delhi",IN-DL,2026-09-30,heavy,shade,acclimatised,26,8,27.2
delhi,"Delhi",IN-DL,2026-10-01,heavy,shade,acclimatised,26,8,27.5
delhi,"Delhi",IN-DL,2026-10-02,heavy,shade,acclimatised,26,5,26.7
delhi,"Delhi",IN-DL,2026-10-03,heavy,shade,acclimatised,26,3,26.2
delhi,"Delhi",IN-DL,2026-10-04,heavy,shade,acclimatised,26,6,27.3
delhi,"Delhi",IN-DL,2026-10-05,heavy,shade,acclimatised,26,8,28.4
delhi,"Delhi",IN-DL,2026-10-06,heavy,shade,acclimatised,26,10,29.9
delhi,"Delhi",IN-DL,2026-09-30,heavy,shade,new-to-heat,22,13,27.2
delhi,"Delhi",IN-DL,2026-10-01,heavy,shade,new-to-heat,22,13,27.5
delhi,"Delhi",IN-DL,2026-10-02,heavy,shade,new-to-heat,22,12,26.7
delhi,"Delhi",IN-DL,2026-10-03,heavy,shade,new-to-heat,22,12,26.2
delhi,"Delhi",IN-DL,2026-10-04,heavy,shade,new-to-heat,22,12,27.3
delhi,"Delhi",IN-DL,2026-10-05,heavy,shade,new-to-heat,22,13,28.4
delhi,"Delhi",IN-DL,2026-10-06,heavy,shade,new-to-heat,22,14,29.9
brisbane,"Brisbane",AU-QLD,2026-09-30,light,sun,acclimatised,30,0,21.0
brisbane,"Brisbane",AU-QLD,2026-10-01,light,sun,acclimatised,30,0,22.6
brisbane,"Brisbane",AU-QLD,2026-10-02,light,sun,acclimatised,30,0,23.6
brisbane,"Brisbane",AU-QLD,2026-10-03,light,sun,acclimatised,30,0,24.1
brisbane,"Brisbane",AU-QLD,2026-10-04,light,sun,acclimatised,30,0,25.5
brisbane,"Brisbane",AU-QLD,2026-10-05,light,sun,acclimatised,30,0,26.0
brisbane,"Brisbane",AU-QLD,2026-10-06,light,sun,acclimatised,30,0,25.5
brisbane,"Brisbane",AU-QLD,2026-09-30,light,sun,new-to-heat,29,0,21.0
brisbane,"Brisbane",AU-QLD,2026-10-01,light,sun,new-to-heat,29,0,22.6
brisbane,"Brisbane",AU-QLD,2026-10-02,light,sun,new-to-heat,29,0,23.6
brisbane,"Brisbane",AU-QLD,2026-10-03,light,sun,new-to-heat,29,0,24.1
brisbane,"Brisbane",AU-QLD,2026-10-04,light,sun,new-to-heat,29,0,25.5
brisbane,"Brisbane",AU-QLD,2026-10-05,light,sun,new-to-heat,29,0,26.0
brisbane,"Brisbane",AU-QLD,2026-10-06,light,sun,new-to-heat,29,0,25.5
brisbane,"Brisbane",AU-QLD,2026-09-30,light,shade,acclimatised,30,0,19.9
brisbane,"Brisbane",AU-QLD,2026-10-01,light,shade,acclimatised,30,0,19.8
brisbane,"Brisbane",AU-QLD,2026-10-02,light,shade,acclimatised,30,0,19.3
brisbane,"Brisbane",AU-QLD,2026-10-03,light,shade,acclimatised,30,0,22.0
brisbane,"Brisbane",AU-QLD,2026-10-04,light,shade,acclimatised,30,0,22.1
brisbane,"Brisbane",AU-QLD,2026-10-05,light,shade,acclimatised,30,0,23.4
brisbane,"Brisbane",AU-QLD,2026-10-06,light,shade,acclimatised,30,0,22.0
brisbane,"Brisbane",AU-QLD,2026-09-30,light,shade,new-to-heat,29,0,19.9
brisbane,"Brisbane",AU-QLD,2026-10-01,light,shade,new-to-heat,29,0,19.8
brisbane,"Brisbane",AU-QLD,2026-10-02,light,shade,new-to-heat,29,0,19.3
brisbane,"Brisbane",AU-QLD,2026-10-03,light,shade,new-to-heat,29,0,22.0
brisbane,"Brisbane",AU-QLD,2026-10-04,light,shade,new-to-heat,29,0,22.1
brisbane,"Brisbane",AU-QLD,2026-10-05,light,shade,new-to-heat,29,0,23.4
brisbane,"Brisbane",AU-QLD,2026-10-06,light,shade,new-to-heat,29,0,22.0
brisbane,"Brisbane",AU-QLD,2026-09-30,moderate,sun,acclimatised,28,0,21.0
brisbane,"Brisbane",AU-QLD,2026-10-01,moderate,sun,acclimatised,28,0,22.6
brisbane,"Brisbane",AU-QLD,2026-10-02,moderate,sun,acclimatised,28,0,23.6
brisbane,"Brisbane",AU-QLD,2026-10-03,moderate,sun,acclimatised,28,0,24.1
brisbane,"Brisbane",AU-QLD,2026-10-04,moderate,sun,acclimatised,28,0,25.5
brisbane,"Brisbane",AU-QLD,2026-10-05,moderate,sun,acclimatised,28,0,26.0
brisbane,"Brisbane",AU-QLD,2026-10-06,moderate,sun,acclimatised,28,0,25.5
brisbane,"Brisbane",AU-QLD,2026-09-30,moderate,sun,new-to-heat,26,0,21.0
brisbane,"Brisbane",AU-QLD,2026-10-01,moderate,sun,new-to-heat,26,0,22.6
brisbane,"Brisbane",AU-QLD,2026-10-02,moderate,sun,new-to-heat,26,0,23.6
brisbane,"Brisbane",AU-QLD,2026-10-03,moderate,sun,new-to-heat,26,0,24.1
brisbane,"Brisbane",AU-QLD,2026-10-04,moderate,sun,new-to-heat,26,0,25.5
brisbane,"Brisbane",AU-QLD,2026-10-05,moderate,sun,new-to-heat,26,0,26.0
brisbane,"Brisbane",AU-QLD,2026-10-06,moderate,sun,new-to-heat,26,0,25.5
brisbane,"Brisbane",AU-QLD,2026-09-30,moderate,shade,acclimatised,28,0,19.9
brisbane,"Brisbane",AU-QLD,2026-10-01,moderate,shade,acclimatised,28,0,19.8
brisbane,"Brisbane",AU-QLD,2026-10-02,moderate,shade,acclimatised,28,0,19.3
brisbane,"Brisbane",AU-QLD,2026-10-03,moderate,shade,acclimatised,28,0,22.0
brisbane,"Brisbane",AU-QLD,2026-10-04,moderate,shade,acclimatised,28,0,22.1
brisbane,"Brisbane",AU-QLD,2026-10-05,moderate,shade,acclimatised,28,0,23.4
brisbane,"Brisbane",AU-QLD,2026-10-06,moderate,shade,acclimatised,28,0,22.0
brisbane,"Brisbane",AU-QLD,2026-09-30,moderate,shade,new-to-heat,26,0,19.9
brisbane,"Brisbane",AU-QLD,2026-10-01,moderate,shade,new-to-heat,26,0,19.8
brisbane,"Brisbane",AU-QLD,2026-10-02,moderate,shade,new-to-heat,26,0,19.3
brisbane,"Brisbane",AU-QLD,2026-10-03,moderate,shade,new-to-heat,26,0,22.0
brisbane,"Brisbane",AU-QLD,2026-10-04,moderate,shade,new-to-heat,26,0,22.1
brisbane,"Brisbane",AU-QLD,2026-10-05,moderate,shade,new-to-heat,26,0,23.4
brisbane,"Brisbane",AU-QLD,2026-10-06,moderate,shade,new-to-heat,26,0,22.0
brisbane,"Brisbane",AU-QLD,2026-09-30,heavy,sun,acclimatised,26,0,21.0
brisbane,"Brisbane",AU-QLD,2026-10-01,heavy,sun,acclimatised,26,0,22.6
brisbane,"Brisbane",AU-QLD,2026-10-02,heavy,sun,acclimatised,26,0,23.6
brisbane,"Brisbane",AU-QLD,2026-10-03,heavy,sun,acclimatised,26,0,24.1
brisbane,"Brisbane",AU-QLD,2026-10-04,heavy,sun,acclimatised,26,0,25.5
brisbane,"Brisbane",AU-QLD,2026-10-05,heavy,sun,acclimatised,26,0,26.0
brisbane,"Brisbane",AU-QLD,2026-10-06,heavy,sun,acclimatised,26,0,25.5
brisbane,"Brisbane",AU-QLD,2026-09-30,heavy,sun,new-to-heat,22,0,21.0
brisbane,"Brisbane",AU-QLD,2026-10-01,heavy,sun,new-to-heat,22,3,22.6
brisbane,"Brisbane",AU-QLD,2026-10-02,heavy,sun,new-to-heat,22,6,23.6
brisbane,"Brisbane",AU-QLD,2026-10-03,heavy,sun,new-to-heat,22,8,24.1
brisbane,"Brisbane",AU-QLD,2026-10-04,heavy,sun,new-to-heat,22,9,25.5
brisbane,"Brisbane",AU-QLD,2026-10-05,heavy,sun,new-to-heat,22,9,26.0
brisbane,"Brisbane",AU-QLD,2026-10-06,heavy,sun,new-to-heat,22,10,25.5
brisbane,"Brisbane",AU-QLD,2026-09-30,heavy,shade,acclimatised,26,0,19.9
brisbane,"Brisbane",AU-QLD,2026-10-01,heavy,shade,acclimatised,26,0,19.8
brisbane,"Brisbane",AU-QLD,2026-10-02,heavy,shade,acclimatised,26,0,19.3
brisbane,"Brisbane",AU-QLD,2026-10-03,heavy,shade,acclimatised,26,0,22.0
brisbane,"Brisbane",AU-QLD,2026-10-04,heavy,shade,acclimatised,26,0,22.1
brisbane,"Brisbane",AU-QLD,2026-10-05,heavy,shade,acclimatised,26,0,23.4
brisbane,"Brisbane",AU-QLD,2026-10-06,heavy,shade,acclimatised,26,0,22.0
brisbane,"Brisbane",AU-QLD,2026-09-30,heavy,shade,new-to-heat,22,0,19.9
brisbane,"Brisbane",AU-QLD,2026-10-01,heavy,shade,new-to-heat,22,0,19.8
brisbane,"Brisbane",AU-QLD,2026-10-02,heavy,shade,new-to-heat,22,0,19.3
brisbane,"Brisbane",AU-QLD,2026-10-03,heavy,shade,new-to-heat,22,1,22.0
brisbane,"Brisbane",AU-QLD,2026-10-04,heavy,shade,new-to-heat,22,1,22.1
brisbane,"Brisbane",AU-QLD,2026-10-05,heavy,shade,new-to-heat,22,4,23.4
brisbane,"Brisbane",AU-QLD,2026-10-06,heavy,shade,new-to-heat,22,0,22.0
